image_path,price_true,price_pred,price_bin_pred
dataset\images\0.jpg,4.890000000000001,7.240664300298565,0
dataset\images\1.jpg,13.12,12.27598337838768,2
dataset\images\2.jpg,1.97,4.699463419435721,0
dataset\images\3.jpg,30.34,24.328719695499874,3
dataset\images\4.jpg,66.49,40.144185938034006,4
dataset\images\5.jpg,18.5,15.083144357962972,2
dataset\images\6.jpg,5.99,7.774119462162593,1
dataset\images\7.jpg,94.0,42.2763308096683,4
dataset\images\8.jpg,35.74,25.4213379603683,4
dataset\images\9.jpg,31.8,26.16378206187046,3
dataset\images\10.jpg,15.99,17.340909795702782,2
dataset\images\11.jpg,33.5,23.52917673367209,3
dataset\images\12.jpg,6.98,10.190717616587985,1
dataset\images\13.jpg,4.255,7.2801745913304945,0
dataset\images\14.jpg,1.67,3.2299819480603933,0
dataset\images\15.jpg,81.44,46.42265708777609,4
dataset\images\16.jpg,56.72,35.98265768259165,4
dataset\images\17.jpg,5.47,6.6836456255581,0
dataset\images\18.jpg,109.97,47.721050761994015,4
dataset\images\19.jpg,50.99,36.74812255139082,4
dataset\images\20.jpg,98.99,48.96053541243614,4
dataset\images\21.jpg,32.09,23.69395826557922,3
dataset\images\22.jpg,12.32,13.635531025699377,2
dataset\images\23.jpg,4.12,12.76712552661667,2
dataset\images\24.jpg,16.395,15.547288408255852,2
dataset\images\25.jpg,17.095,16.754346912164472,2
dataset\images\26.jpg,15.5,14.625752003700944,2
dataset\images\27.jpg,20.61,15.471450255245866,3
dataset\images\28.jpg,1.58,3.227649630689225,0
dataset\images\29.jpg,19.845,16.45195544268053,4
dataset\images\30.jpg,13.49,21.2309365791857,4
dataset\images\31.jpg,12.78,14.556073077219287,2
dataset\images\32.jpg,64.99,11.838715033105903,1
dataset\images\33.jpg,30.78,23.126299661276892,3
dataset\images\34.jpg,23.99,19.00641914835356,3
dataset\images\35.jpg,12.85,15.43645252040411,2
dataset\images\36.jpg,9.27,11.414249905712342,1
dataset\images\37.jpg,29.96,23.27790051708268,3
dataset\images\38.jpg,124.52,86.10744547299868,4
dataset\images\39.jpg,16.99,18.781090831413856,2
dataset\images\40.jpg,5.49,8.03426208253748,1
dataset\images\41.jpg,12.23,12.409922919415783,2
dataset\images\42.jpg,6.99,7.659069738781664,1
dataset\images\43.jpg,58.13,39.542973708707976,4
dataset\images\44.jpg,11.98,16.06231089284749,4
dataset\images\45.jpg,29.94,12.64773264933135,1
dataset\images\46.jpg,7.56,11.044313218226408,1
dataset\images\47.jpg,34.57,26.468397022492123,3
dataset\images\48.jpg,2.54,5.319689746104001,0
dataset\images\49.jpg,4.42,15.840280973868605,2
dataset\images\50.jpg,0.94,3.986747165631841,0
dataset\images\51.jpg,6.69,8.819307049801473,1
dataset\images\52.jpg,30.475,25.057058624076504,3
dataset\images\53.jpg,34.925,23.87397438407986,3
dataset\images\54.jpg,2.99,4.976477623737173,0
dataset\images\55.jpg,20.79,19.778125352242096,3
dataset\images\56.jpg,57.7,44.07043061790309,4
dataset\images\57.jpg,24.99,21.68931602941198,3
dataset\images\58.jpg,17.634999999999998,16.213468246984004,2
dataset\images\59.jpg,10.49,17.793262982629752,2
dataset\images\60.jpg,63.99,37.63653625550017,4
dataset\images\61.jpg,11.46,15.575069915118437,2
dataset\images\62.jpg,12.795000000000002,12.209368195180545,2
dataset\images\63.jpg,29.99,9.031006287843994,0
dataset\images\64.jpg,17.49,15.932192599138318,2
dataset\images\65.jpg,79.99,11.357338843040061,1
dataset\images\66.jpg,11.1,12.992140957790237,2
dataset\images\67.jpg,7.99,11.365249089971332,0
dataset\images\68.jpg,26.13,21.903044085374916,3
dataset\images\69.jpg,42.495,15.107859968497035,3
dataset\images\70.jpg,29.99,19.609199192442986,3
dataset\images\71.jpg,1.755,3.753146905758375,0
dataset\images\72.jpg,24.01,22.1778235265602,3
dataset\images\73.jpg,19.725,14.936010884859714,0
dataset\images\74.jpg,15.74,15.71627532285643,2
dataset\images\75.jpg,16.99,16.857233180840442,2
dataset\images\76.jpg,33.56,17.127676500853426,1
dataset\images\77.jpg,16.99,16.127161119798203,2
dataset\images\78.jpg,4.99,13.284635324778161,4
dataset\images\79.jpg,14.61,13.233151393317709,2
dataset\images\80.jpg,17.99,20.76980049480651,2
dataset\images\81.jpg,2.6,4.303653268561615,0
dataset\images\82.jpg,7.465,7.937927095365087,1
dataset\images\83.jpg,32.49,24.005090496146828,3
dataset\images\84.jpg,14.99,14.045844539771362,2
dataset\images\85.jpg,4.890000000000001,8.071671201195187,0
dataset\images\86.jpg,298.0,115.29856878377609,4
dataset\images\87.jpg,7.99,10.603712217449443,1
dataset\images\88.jpg,1.24,3.9234104917648382,0
dataset\images\89.jpg,213.26,76.73672832888865,4
dataset\images\90.jpg,11.135,11.929605288821538,2
dataset\images\91.jpg,33.29,24.577050418024463,3
dataset\images\92.jpg,21.36,20.446352821191468,3
dataset\images\93.jpg,45.27,28.508923448327444,4
dataset\images\94.jpg,5.49,7.101482984770234,1
dataset\images\95.jpg,2.29,6.096361290653991,0
dataset\images\96.jpg,30.37,25.773747532330322,3
dataset\images\97.jpg,19.19,18.15663825940734,2
dataset\images\98.jpg,4.79,8.087668252962429,0
dataset\images\99.jpg,44.74,18.685234493039832,2
dataset\images\100.jpg,2.19,11.086357386726627,1
dataset\images\101.jpg,10.985,12.695413755460459,1
dataset\images\102.jpg,5.98,9.163717227559243,1
dataset\images\103.jpg,15.6,16.726246491901502,2
dataset\images\104.jpg,4.19,6.905234653216194,0
dataset\images\105.jpg,15.955,15.070136679534809,2
dataset\images\106.jpg,35.49,29.052682352767626,3
dataset\images\107.jpg,86.99,48.460655919270856,4
dataset\images\108.jpg,12.185,13.579941364406402,2
dataset\images\109.jpg,6.19,19.0777953503771,2
dataset\images\110.jpg,10.48,11.893503488850113,1
dataset\images\111.jpg,93.89,13.348879934286025,2
dataset\images\112.jpg,3.82,6.461770888025364,0
dataset\images\113.jpg,17.28,19.00997948927057,2
dataset\images\114.jpg,26.47,20.77279981876554,3
dataset\images\115.jpg,2.005,12.184944619821035,1
dataset\images\116.jpg,16.95,18.45614265553201,2
dataset\images\117.jpg,10.97,10.068400168145839,1
dataset\images\118.jpg,70.52,42.83124279791513,4
dataset\images\119.jpg,14.92,12.947065845968048,2
dataset\images\120.jpg,6.67,16.13975960690376,4
dataset\images\121.jpg,13.28,13.239840723792508,2
dataset\images\122.jpg,21.72,17.626022067147257,3
dataset\images\123.jpg,23.625,13.629052504654544,3
dataset\images\124.jpg,10.94,15.230578126314853,3
dataset\images\125.jpg,5.39,7.061203495976773,0
dataset\images\126.jpg,10.13,11.941394146577288,1
dataset\images\127.jpg,56.01,53.30061865131636,4
dataset\images\128.jpg,15.935,10.101761789444133,1
dataset\images\129.jpg,10.99,12.116005437025795,2
dataset\images\130.jpg,8.57,10.650955778802004,1
dataset\images\131.jpg,49.29,31.298205075390356,4
dataset\images\132.jpg,10.99,11.91390441983376,2
dataset\images\133.jpg,2.99,5.137509408260773,0
dataset\images\134.jpg,4.79,7.268888575942599,0
dataset\images\135.jpg,39.99,15.12356968050592,2
dataset\images\136.jpg,61.99,47.15902647201269,4
dataset\images\137.jpg,44.0,32.778675194596,4
dataset\images\138.jpg,1.89,3.543805532902092,0
dataset\images\139.jpg,62.010000000000005,29.817487314885273,3
dataset\images\140.jpg,7.24,7.978749395737275,1
dataset\images\141.jpg,18.25,17.390316246553333,2
dataset\images\142.jpg,4.79,7.9160476132782165,0
dataset\images\143.jpg,39.03,25.387321788760772,4
dataset\images\144.jpg,38.54,38.34391479184452,4
dataset\images\145.jpg,4.69,6.181191707110445,0
dataset\images\146.jpg,12.995,15.102488002190817,2
dataset\images\147.jpg,17.9,16.538951407957033,2
dataset\images\148.jpg,14.99,14.14280392951255,2
dataset\images\149.jpg,4.32,6.272949438838441,0
dataset\images\150.jpg,5.29,10.442964995171273,0
dataset\images\151.jpg,5.49,6.442730759801346,1
dataset\images\152.jpg,5.345,7.71490762686607,0
dataset\images\153.jpg,6.64,8.927361350208011,1
dataset\images\154.jpg,14.95,14.784465721664736,2
dataset\images\155.jpg,39.99,28.104361535883665,4
dataset\images\156.jpg,24.81,20.366839442759638,3
dataset\images\157.jpg,14.4,13.873420946515656,2
dataset\images\158.jpg,19.99,19.06180825990452,3
dataset\images\159.jpg,1.49,3.7290225866569475,0
dataset\images\160.jpg,46.41,29.339234441760876,4
dataset\images\161.jpg,9.85,10.81157642485228,1
dataset\images\162.jpg,12.45,18.701658340729242,3
dataset\images\163.jpg,20.99,14.401079364971647,2
dataset\images\164.jpg,4.39,7.038726638633676,0
dataset\images\165.jpg,7.04,7.564295477009132,1
dataset\images\166.jpg,11.99,13.973485841223486,2
dataset\images\167.jpg,29.95,25.532513337187186,3
dataset\images\168.jpg,18.85,9.758128743771643,0
dataset\images\169.jpg,11.485,11.541359606445472,2
dataset\images\170.jpg,9.715,10.528229800943151,1
dataset\images\171.jpg,24.99,22.800477619838478,3
dataset\images\172.jpg,19.99,18.88765766969477,3
dataset\images\173.jpg,30.94,17.936004527305435,3
dataset\images\174.jpg,33.47,25.20957682340124,3
dataset\images\175.jpg,14.9,12.819159618563575,2
dataset\images\176.jpg,6.99,8.529537929178117,1
dataset\images\177.jpg,79.95,40.45224782182952,4
dataset\images\178.jpg,89.98,49.680249597968825,4
dataset\images\179.jpg,15.95,16.351484154481582,2
dataset\images\180.jpg,33.5,37.42829793180683,3
dataset\images\181.jpg,10.99,14.622609307118589,2
dataset\images\182.jpg,26.39,23.637862840518867,3
dataset\images\183.jpg,10.02,10.781424262209477,1
dataset\images\184.jpg,24.33,19.906327935969433,3
dataset\images\185.jpg,8.99,14.615955204837018,1
dataset\images\186.jpg,50.76,49.25416311331231,4
dataset\images\187.jpg,32.3,22.71866954651906,3
dataset\images\188.jpg,29.99,11.363192599976028,2
dataset\images\189.jpg,14.105,12.708398930005625,2
dataset\images\190.jpg,38.0,27.589757509750235,4
dataset\images\191.jpg,9.98,12.722902785167225,1
dataset\images\192.jpg,4.69,7.718675683383122,0
dataset\images\193.jpg,5.88,8.360414529533143,1
dataset\images\194.jpg,7.99,15.92895622034553,2
dataset\images\195.jpg,21.99,19.22564036358474,3
dataset\images\196.jpg,88.09,16.606989394071643,4
dataset\images\197.jpg,5.49,7.882103540755793,1
dataset\images\198.jpg,7.29,9.307375498342036,1
dataset\images\199.jpg,4.265,6.548178236372849,0
dataset\images\200.jpg,9.455,11.249557862343421,1
dataset\images\201.jpg,15.1,15.14588429761034,2
dataset\images\202.jpg,12.05,11.714584839295817,2
dataset\images\203.jpg,23.09,12.306764863893173,0
dataset\images\204.jpg,20.78,18.423754546429738,3
dataset\images\205.jpg,2.08,4.572620011972227,0
dataset\images\206.jpg,27.74,25.317819480356658,3
dataset\images\207.jpg,2.72,4.60769233432968,0
dataset\images\208.jpg,2.92,5.236045603964416,0
dataset\images\209.jpg,9.99,11.03045882607494,1
dataset\images\210.jpg,76.53,15.943499510554428,0
dataset\images\211.jpg,61.42,21.193452682386155,2
dataset\images\212.jpg,117.49,46.90466847749751,4
dataset\images\213.jpg,1.535,3.2560975597588158,0
dataset\images\214.jpg,14.95,14.41980795959457,2
dataset\images\215.jpg,3.29,5.159381367108312,0
dataset\images\216.jpg,4.99,6.295917517231902,0
dataset\images\217.jpg,8.17,8.383870546669183,1
dataset\images\218.jpg,25.95,18.21859630346744,3
dataset\images\219.jpg,6.99,11.127208028876796,1
dataset\images\220.jpg,6.99,13.912158960166508,0
dataset\images\221.jpg,9.99,11.505037372110824,1
dataset\images\222.jpg,225.55,93.28545437800015,4
dataset\images\223.jpg,2.98,5.619103412924282,0
dataset\images\224.jpg,3.68,5.628835535025255,0
dataset\images\225.jpg,8.145,10.275212316009508,1
dataset\images\226.jpg,19.99,17.290292279714453,3
dataset\images\227.jpg,4.885,6.4155808592562495,0
dataset\images\228.jpg,12.99,16.388812114040384,2
dataset\images\229.jpg,26.99,22.21350727029005,3
dataset\images\230.jpg,32.86,24.607119478165306,3
dataset\images\231.jpg,21.99,18.09770523113343,2
dataset\images\232.jpg,21.665,18.877991648359657,3
dataset\images\233.jpg,16.425,11.18755867921571,0
dataset\images\234.jpg,26.26,24.382817131041755,3
dataset\images\235.jpg,58.76,33.31675417835255,4
dataset\images\236.jpg,6.49,9.015740098432572,1
dataset\images\237.jpg,8.99,10.278373549567819,0
dataset\images\238.jpg,36.435,28.410500011959567,4
dataset\images\239.jpg,14.39,12.596890161928675,0
dataset\images\240.jpg,49.94,30.945692899373306,4
dataset\images\241.jpg,12.614999999999998,12.02619854347559,2
dataset\images\242.jpg,4.12,5.862350906320329,0
dataset\images\243.jpg,4.390000000000001,7.799827829056573,0
dataset\images\244.jpg,2.6,4.97503954724219,0
dataset\images\245.jpg,54.95,40.24022268093265,4
dataset\images\246.jpg,145.99,66.00409547222324,4
dataset\images\247.jpg,6.8,12.47360241042124,0
dataset\images\248.jpg,89.99,46.88935848697906,4
dataset\images\249.jpg,4.99,5.865481237407796,0
dataset\images\250.jpg,11.49,13.456616770570262,2
dataset\images\251.jpg,27.95,20.207484090152608,3
dataset\images\252.jpg,8.9,10.762083221202888,1
dataset\images\253.jpg,24.99,18.385914393093856,3
dataset\images\254.jpg,33.29,14.002579519828744,4
dataset\images\255.jpg,9.49,10.968527591177224,1
dataset\images\256.jpg,8.64,16.803357439699692,2
dataset\images\257.jpg,2.0,3.6991551479850315,0
dataset\images\258.jpg,26.84,20.39635875581314,3
dataset\images\259.jpg,21.46,17.194510435287025,3
dataset\images\260.jpg,42.0,31.103625602961046,4
dataset\images\261.jpg,61.99,16.107861452174845,3
dataset\images\262.jpg,2.99,5.576174372427168,0
dataset\images\263.jpg,52.99,30.973490904609392,4
dataset\images\264.jpg,41.75,27.04038158087385,4
dataset\images\265.jpg,6.49,7.441588259604316,1
dataset\images\266.jpg,34.99,12.858183912386597,3
dataset\images\267.jpg,13.99,14.836577354538864,2
dataset\images\268.jpg,2.99,4.93659289219087,0
dataset\images\269.jpg,39.59,27.623990875150856,4
dataset\images\270.jpg,7.98,18.3193596019907,2
dataset\images\271.jpg,6.74,8.291193633617617,1
dataset\images\272.jpg,32.82,22.02350722859385,3
dataset\images\273.jpg,8.49,10.091433432819134,1
dataset\images\274.jpg,2.5,4.501135787559702,0
dataset\images\275.jpg,7.83,9.313992880590181,1
dataset\images\276.jpg,30.435,23.82264796479075,3
dataset\images\277.jpg,5.0,6.159618864495229,0
dataset\images\278.jpg,4.9350000000000005,5.572541049478632,0
dataset\images\279.jpg,24.98,22.288322997706416,3
dataset\images\280.jpg,6.69,7.938672125435593,1
dataset\images\281.jpg,33.98,18.62807902872283,3
dataset\images\282.jpg,19.95,19.341042538959957,3
dataset\images\283.jpg,4.29,6.530974625601518,0
dataset\images\284.jpg,4.79,7.170241431088957,0
dataset\images\285.jpg,30.995,20.31059721221583,3
dataset\images\286.jpg,36.99,30.034911288676366,4
dataset\images\287.jpg,32.235,25.071506331593785,3
dataset\images\288.jpg,26.09,31.31737815966003,3
dataset\images\289.jpg,8.53,15.664936226785237,2
dataset\images\290.jpg,42.95,31.902309262246803,4
dataset\images\291.jpg,21.95,18.78091092302286,3
dataset\images\292.jpg,19.225,21.163037565643236,2
dataset\images\293.jpg,1.28,4.046841431462808,0
dataset\images\294.jpg,58.53,36.33411803290187,4
dataset\images\295.jpg,7.55,10.299508572258386,1
dataset\images\296.jpg,5.99,9.972695685949143,1
dataset\images\297.jpg,5.88,19.72198944395872,4
dataset\images\298.jpg,10.99,15.522479319172199,3
dataset\images\299.jpg,12.17,12.450276175663978,2
dataset\images\300.jpg,21.77,12.470330181695356,1
dataset\images\301.jpg,6.99,8.054656024645706,1
dataset\images\302.jpg,21.525,20.633170944309615,3
dataset\images\303.jpg,46.97,11.480627503956462,1
dataset\images\304.jpg,13.79,13.943607223209531,2
dataset\images\305.jpg,6.99,19.406900354616877,4
dataset\images\306.jpg,12.99,21.739990987758432,4
dataset\images\307.jpg,38.54,41.59370398005759,4
dataset\images\308.jpg,14.99,14.753688257476115,2
dataset\images\309.jpg,10.0,8.619101191018624,1
dataset\images\310.jpg,3.49,6.723891140041752,0
dataset\images\311.jpg,6.140000000000001,9.177274047998841,1
dataset\images\312.jpg,16.99,16.217458811061995,2
dataset\images\313.jpg,65.32,40.64415681462493,4
dataset\images\314.jpg,61.99,45.14845053422277,4
dataset\images\315.jpg,2.58,4.507598020028377,0
dataset\images\316.jpg,65.0,9.949424568101895,1
dataset\images\317.jpg,29.99,24.347424497276258,3
dataset\images\318.jpg,45.27,44.3426354354396,4
dataset\images\319.jpg,26.4,20.758091852100577,3
dataset\images\320.jpg,10.435,11.83446684779915,1
dataset\images\321.jpg,61.42,37.098253747629585,4
dataset\images\322.jpg,19.145,10.409246320603858,1
dataset\images\323.jpg,18.5,17.419831290595774,2
dataset\images\324.jpg,2.59,18.537284402453523,3
dataset\images\325.jpg,56.1,56.99009480670232,4
dataset\images\326.jpg,2.28,4.7131651400815135,0
dataset\images\327.jpg,3.39,5.319884625847293,0
dataset\images\328.jpg,9.095,11.007932580406639,1
dataset\images\329.jpg,12.0,12.284477360785951,2
dataset\images\330.jpg,7.99,10.426841933717363,1
dataset\images\331.jpg,17.96,13.336678402824427,3
dataset\images\332.jpg,16.74,15.179421056555537,2
dataset\images\333.jpg,34.0,23.40738348031391,3
dataset\images\334.jpg,13.95,14.274359874872047,2
dataset\images\335.jpg,42.9,22.213032395364642,4
dataset\images\336.jpg,4.245,7.446488271537987,0
dataset\images\337.jpg,5.29,7.305786604727599,0
dataset\images\338.jpg,14.99,14.009442451182922,2
dataset\images\339.jpg,18.37,14.490338925443895,2
dataset\images\340.jpg,5.785,7.404204017241984,1
dataset\images\341.jpg,47.99,27.784631813936308,4
dataset\images\342.jpg,22.99,17.82087899459305,4
dataset\images\343.jpg,8.37,10.274599252553672,1
dataset\images\344.jpg,6.105,7.915110349830423,1
dataset\images\345.jpg,22.69,19.01669851881256,3
dataset\images\346.jpg,42.39,28.2990067657402,4
dataset\images\347.jpg,32.34,22.67339198046026,3
dataset\images\348.jpg,14.99,15.040086628208588,2
dataset\images\349.jpg,65.7,33.24093927614266,4
dataset\images\350.jpg,4.46,14.895156769992104,2
dataset\images\351.jpg,18.28,9.014746087598088,0
dataset\images\352.jpg,52.98,10.67016528567805,3
dataset\images\353.jpg,39.99,15.201659850765306,4
dataset\images\354.jpg,30.01,38.031150175596295,4
dataset\images\355.jpg,38.49,26.093017419040166,4
dataset\images\356.jpg,55.38,36.36638172614538,4
dataset\images\357.jpg,14.39,15.663764028176981,2
dataset\images\358.jpg,20.6,19.363786142837707,3
dataset\images\359.jpg,11.94,13.937599823799513,2
dataset\images\360.jpg,9.86,9.349911143913253,1
dataset\images\361.jpg,11.07,19.50322497632822,1
dataset\images\362.jpg,52.61,50.314001532314364,4
dataset\images\363.jpg,23.29,18.01293213327088,3
dataset\images\364.jpg,2.99,4.54643361241756,0
dataset\images\365.jpg,24.5,21.82282176915744,3
dataset\images\366.jpg,12.88,18.569188737040026,3
dataset\images\367.jpg,5.62,16.832977437372374,2
dataset\images\368.jpg,13.99,20.227711376785816,3
dataset\images\369.jpg,1.88,4.246868063096011,0
dataset\images\370.jpg,77.99,47.6079679024082,4
dataset\images\371.jpg,43.32,40.42214011236042,4
dataset\images\372.jpg,21.775,19.108940829124517,3
dataset\images\373.jpg,50.58,44.71679553702072,4
dataset\images\374.jpg,20.915,16.003252305970065,2
dataset\images\375.jpg,13.99,12.874848880808884,2
dataset\images\376.jpg,8.95,10.250629179940034,1
dataset\images\377.jpg,32.0,25.502884136995974,3
dataset\images\378.jpg,2.265,4.452331476277525,0
dataset\images\379.jpg,76.265,39.40500210640701,4
dataset\images\380.jpg,20.5,18.581973986345062,3
dataset\images\381.jpg,21.995,15.675645198343481,3
dataset\images\382.jpg,58.99,21.764106926043056,2
dataset\images\383.jpg,2.89,10.956033892266506,3
dataset\images\384.jpg,68.99,38.805958682166285,4
dataset\images\385.jpg,3.12,5.0833228374109884,0
dataset\images\386.jpg,3.22,6.453045180797816,0
dataset\images\387.jpg,25.49,25.51145847648354,3
dataset\images\388.jpg,4.99,7.911747952252149,0
dataset\images\389.jpg,59.0,39.106461930679366,4
dataset\images\390.jpg,4.98,7.891431056536657,0
dataset\images\391.jpg,85.97,39.878224866790056,4
dataset\images\392.jpg,12.99,13.426661683684026,2
dataset\images\393.jpg,30.195,19.126206281639426,2
dataset\images\394.jpg,47.99,18.049239660420213,3
dataset\images\395.jpg,8.99,8.563529200478595,1
dataset\images\396.jpg,2.49,5.333659576700632,0
dataset\images\397.jpg,4.56,8.53034818866799,0
dataset\images\398.jpg,16.99,15.383335169633533,2
dataset\images\399.jpg,5.34,7.625804558128765,0
dataset\images\400.jpg,18.99,14.981673475162545,2
dataset\images\401.jpg,5.48,6.92510878748747,0
dataset\images\402.jpg,2.5,5.85192015651832,0
dataset\images\403.jpg,13.545,12.352435372364006,2
dataset\images\404.jpg,57.98,34.08022564053102,4
dataset\images\405.jpg,3.1950000000000003,5.977094112535957,0
dataset\images\406.jpg,4.17,6.635516847317674,0
dataset\images\407.jpg,75.31,48.56009313354553,4
dataset\images\408.jpg,30.62,20.48514505801623,3
dataset\images\409.jpg,15.99,16.21700383687532,2
dataset\images\410.jpg,22.99,19.30931940763565,3
dataset\images\411.jpg,6.61,16.132780684874255,4
dataset\images\412.jpg,9.32,9.933230216152015,1
dataset\images\413.jpg,18.39,16.4486398790004,2
dataset\images\414.jpg,54.55,16.50754914514603,4
dataset\images\415.jpg,13.95,13.06612074905483,2
dataset\images\416.jpg,6.99,11.2653220970263,0
dataset\images\417.jpg,30.62,26.573886950025,3
dataset\images\418.jpg,9.44,9.910913962788054,1
dataset\images\419.jpg,34.49,21.875881205978988,3
dataset\images\420.jpg,4.19,5.692755920687209,0
dataset\images\421.jpg,21.7,18.411859851696637,3
dataset\images\422.jpg,0.97,10.40470905569873,0
dataset\images\423.jpg,7.8,8.781703329982317,1
dataset\images\424.jpg,18.125,17.536775772560386,2
dataset\images\425.jpg,4.79,8.685943857993275,0
dataset\images\426.jpg,17.98,19.136401769809783,2
dataset\images\427.jpg,19.565,15.356934171080159,3
dataset\images\428.jpg,3.89,6.264543143415245,0
dataset\images\429.jpg,10.99,16.971643757971254,4
dataset\images\430.jpg,2.79,5.386108059297091,0
dataset\images\431.jpg,7.59,10.613823339030324,1
dataset\images\432.jpg,7.49,13.205886635503742,2
dataset\images\433.jpg,10.2,9.526921261024649,0
dataset\images\434.jpg,6.635,7.77272434510429,1
dataset\images\435.jpg,22.99,20.41769226825159,3
dataset\images\436.jpg,166.51999999999998,62.777665173105134,4
dataset\images\437.jpg,38.99,28.089476230044134,4
dataset\images\438.jpg,4.640000000000001,9.989425577264681,0
dataset\images\439.jpg,8.18,10.978682248251577,1
dataset\images\440.jpg,38.335,27.13286808246271,4
dataset\images\441.jpg,13.78,14.604259639551618,2
dataset\images\442.jpg,5.98,8.14507911235264,1
dataset\images\443.jpg,32.95,22.617603498058227,3
dataset\images\444.jpg,68.77,40.9988316959588,4
dataset\images\445.jpg,76.99,48.738867781448164,4
dataset\images\446.jpg,14.95,16.323105822774732,2
dataset\images\447.jpg,59.99,39.366639222814484,4
dataset\images\448.jpg,36.735,26.52735997517803,4
dataset\images\449.jpg,7.9,10.064862155157074,1
dataset\images\450.jpg,38.99,11.69829024834493,4
dataset\images\451.jpg,28.585,19.111714838278537,3
dataset\images\452.jpg,29.68,27.151463603073157,3
dataset\images\453.jpg,56.37,49.64714133670995,4
dataset\images\454.jpg,9.99,12.597557004940956,1
dataset\images\455.jpg,8.665,11.560909317164674,1
dataset\images\456.jpg,9.99,9.9040275289645,1
dataset\images\457.jpg,7.375,10.383512689901778,1
dataset\images\458.jpg,45.0,33.86466442159553,4
dataset\images\459.jpg,9.04,8.98144104558552,1
dataset\images\460.jpg,49.59,32.25334037823438,4
dataset\images\461.jpg,24.29,20.17349810296181,3
dataset\images\462.jpg,4.48,12.206306685879595,1
dataset\images\463.jpg,24.99,19.64920731103609,3
dataset\images\464.jpg,9.69,10.127766430225627,0
dataset\images\465.jpg,2.22,5.0062172615535685,0
dataset\images\466.jpg,1.34,4.148226052857712,0
dataset\images\467.jpg,3.29,6.237583172607774,0
dataset\images\468.jpg,18.49,17.14949275359265,2
dataset\images\469.jpg,12.5,15.340283719024029,2
dataset\images\470.jpg,41.99,29.058281209916732,4
dataset\images\471.jpg,19.99,14.530244545827067,1
dataset\images\472.jpg,14.99,16.196515715824404,2
dataset\images\473.jpg,43.99,31.318998031859486,4
dataset\images\474.jpg,1.42,3.0016073252300304,0
dataset\images\475.jpg,69.56,44.267859936784156,4
dataset\images\476.jpg,25.185,19.902261170562788,3
dataset\images\477.jpg,18.55,17.239542450235202,2
dataset\images\478.jpg,7.99,10.785559949349654,0
dataset\images\479.jpg,4.985,11.543294550525506,0
dataset\images\480.jpg,199.99,14.653044894264692,3
dataset\images\481.jpg,13.925,14.422950083593067,2
dataset\images\482.jpg,9.79,11.5687854051114,1
dataset\images\483.jpg,1.99,4.02880438411775,0
dataset\images\484.jpg,4.46,7.102289425446969,0
dataset\images\485.jpg,21.99,17.178630953158265,2
dataset\images\486.jpg,2.99,5.248501887976733,0
dataset\images\487.jpg,41.09,28.137242149418455,4
dataset\images\488.jpg,22.99,19.164617220071687,3
dataset\images\489.jpg,18.52,16.9223684496849,2
dataset\images\490.jpg,20.065,21.336805156686676,3
dataset\images\491.jpg,9.99,10.381680334534643,1
dataset\images\492.jpg,9.99,12.200258307824788,1
dataset\images\493.jpg,16.65,15.948442543162951,2
dataset\images\494.jpg,72.93,47.280868869198606,4
dataset\images\495.jpg,14.93,12.69273093232942,1
dataset\images\496.jpg,64.74,35.034490682775576,4
dataset\images\497.jpg,14.99,15.561949021515819,2
dataset\images\498.jpg,2.84,6.129472583877341,0
dataset\images\499.jpg,9.485,11.455315528493397,1
dataset\images\500.jpg,15.3,15.234136972797295,2
dataset\images\501.jpg,14.99,15.39035577619897,2
dataset\images\502.jpg,15.18,15.7117664905211,2
dataset\images\503.jpg,5.74,7.987503940997296,1
dataset\images\504.jpg,3.38,5.671557658072947,0
dataset\images\505.jpg,10.1,10.185642557630766,1
dataset\images\506.jpg,14.99,14.8485608579076,2
dataset\images\507.jpg,2.52,15.18309870168127,1
dataset\images\508.jpg,16.0,15.24658787544772,2
dataset\images\509.jpg,43.21,31.649023737009166,4
dataset\images\510.jpg,21.765,18.79163682929242,3
dataset\images\511.jpg,21.59,18.39765586408483,3
dataset\images\512.jpg,21.95,18.353748953105033,3
dataset\images\513.jpg,3.97,6.9111115691095,0
dataset\images\514.jpg,7.24,15.201335289280863,1
dataset\images\515.jpg,4.79,5.815364318141652,0
dataset\images\516.jpg,12.85,12.55391667578867,2
dataset\images\517.jpg,11.48,12.701349887084072,2
dataset\images\518.jpg,3.79,6.448165892972987,0
dataset\images\519.jpg,31.380000000000003,10.877899298643191,1
dataset\images\520.jpg,42.65,28.011264572243856,4
dataset\images\521.jpg,9.94,11.60899154881201,1
dataset\images\522.jpg,7.99,9.721918754716215,1
dataset\images\523.jpg,87.99,46.168836583870295,4
dataset\images\524.jpg,54.27,53.84300559632335,4
dataset\images\525.jpg,11.385,12.013901613557513,2
dataset\images\526.jpg,3.31,18.980311400020508,4
dataset\images\527.jpg,11.94,14.980857583140612,2
dataset\images\528.jpg,3.69,6.146103895215481,0
dataset\images\529.jpg,29.96,15.790529735083716,2
dataset\images\530.jpg,6.75,14.025980590855744,1
dataset\images\531.jpg,21.99,20.152759821601812,3
dataset\images\532.jpg,40.96,35.638497618904935,4
dataset\images\533.jpg,19.45,17.46898190580039,2
dataset\images\534.jpg,34.98,14.311351669732339,1
dataset\images\535.jpg,3.38,15.636531120003802,3
dataset\images\536.jpg,22.65,19.58591518993475,3
dataset\images\537.jpg,35.99,21.386506798667746,4
dataset\images\538.jpg,36.5,19.480839208720486,3
dataset\images\539.jpg,14.1,12.252859928851786,2
dataset\images\540.jpg,38.99,27.810082785874904,4
dataset\images\541.jpg,3.59,5.109363659768159,0
dataset\images\542.jpg,3.69,4.943095078119057,0
dataset\images\543.jpg,9.92,19.518416275900183,3
dataset\images\544.jpg,9.99,14.097482166290785,3
dataset\images\545.jpg,12.69,13.374083249717392,2
dataset\images\546.jpg,3.69,5.122620321295616,0
dataset\images\547.jpg,26.96,19.668796602428646,3
dataset\images\548.jpg,7.13,10.787059045045888,1
dataset\images\549.jpg,2.245,4.035022509610186,0
dataset\images\550.jpg,13.59,13.175808952701392,2
dataset\images\551.jpg,3.99,7.0354014991565546,0
dataset\images\552.jpg,2.02,21.597239996267486,2
dataset\images\553.jpg,10.99,11.029123451304375,2
dataset\images\554.jpg,174.84,10.54413820627737,1
dataset\images\555.jpg,4.99,14.590443577711124,0
dataset\images\556.jpg,11.98,12.48072951945689,2
dataset\images\557.jpg,140.75,71.13394571030895,4
dataset\images\558.jpg,45.99,30.970318752739363,4
dataset\images\559.jpg,9.05,9.565311664103492,1
dataset\images\560.jpg,2.075,4.085670930830856,0
dataset\images\561.jpg,13.88,13.992515946689123,2
dataset\images\562.jpg,66.35499999999999,44.12248004746157,4
dataset\images\563.jpg,28.48,21.63767655805825,3
dataset\images\564.jpg,19.95,19.306471856192633,3
dataset\images\565.jpg,21.59,18.71988749318378,3
dataset\images\566.jpg,20.96,16.49981794548305,3
dataset\images\567.jpg,38.4,26.507256046032563,4
dataset\images\568.jpg,32.95,23.20130022152312,3
dataset\images\569.jpg,7.2,9.996426840921742,1
dataset\images\570.jpg,4.225,9.245123554498694,0
dataset\images\571.jpg,12.99,13.066107411394428,2
dataset\images\572.jpg,12.075,14.2813468078916,0
dataset\images\573.jpg,19.46,17.68856306066502,2
dataset\images\574.jpg,12.99,11.68866310781256,2
dataset\images\575.jpg,3.29,4.688174478504893,0
dataset\images\576.jpg,25.99,25.60351565867147,3
dataset\images\577.jpg,29.95,20.84284823745558,3
dataset\images\578.jpg,11.385,13.929894847067901,2
dataset\images\579.jpg,5.48,14.915377522822164,1
dataset\images\580.jpg,33.69,21.59358623865095,3
dataset\images\581.jpg,51.84,13.46637657225326,2
dataset\images\582.jpg,39.99,16.086455138312427,2
dataset\images\583.jpg,22.56,23.333325084835497,4
dataset\images\584.jpg,9.35,13.746817032991773,3
dataset\images\585.jpg,13.98,14.660678783456277,3
dataset\images\586.jpg,1.99,4.200252461926799,0
dataset\images\587.jpg,25.96,21.044795761232567,3
dataset\images\588.jpg,26.99,22.32116008459835,3
dataset\images\589.jpg,22.99,17.68711936885179,3
dataset\images\590.jpg,3.87,7.1891785355663185,0
dataset\images\591.jpg,2.19,19.93451812073919,4
dataset\images\592.jpg,6.869999999999999,9.345258848660684,1
dataset\images\593.jpg,29.77,26.094506226916916,3
dataset\images\594.jpg,62.49,38.03016532792051,4
dataset\images\595.jpg,39.75,31.312332451122955,4
dataset\images\596.jpg,68.14,52.75862119393344,4
dataset\images\597.jpg,13.95,13.309055934810878,2
dataset\images\598.jpg,10.56,9.329807767224528,1
dataset\images\599.jpg,5.47,12.36815315503558,0
dataset\images\600.jpg,29.86,24.69456474254733,3
dataset\images\601.jpg,4.1,5.569836545830446,0
dataset\images\602.jpg,7.19,14.642032193216217,3
dataset\images\603.jpg,3.26,5.617925716367655,0
dataset\images\604.jpg,3.34,5.872783470978765,0
dataset\images\605.jpg,12.98,13.069708860543226,2
dataset\images\606.jpg,48.99,29.73447700879646,4
dataset\images\607.jpg,9.87,15.491690853045021,3
dataset\images\608.jpg,9.96,11.421707728688592,1
dataset\images\609.jpg,31.0,21.607405775461036,3
dataset\images\610.jpg,12.99,17.219379949470408,3
dataset\images\611.jpg,7.7,15.118957025480654,3
dataset\images\612.jpg,14.99,14.424469323864077,2
dataset\images\613.jpg,36.49,17.42061495897006,3
dataset\images\614.jpg,5.495,6.785454808470132,1
dataset\images\615.jpg,10.19,11.995955001092785,1
dataset\images\616.jpg,23.59,18.36795847845817,3
dataset\images\617.jpg,102.97,17.488471113754382,3
dataset\images\618.jpg,7.965,11.586763518811894,2
dataset\images\619.jpg,104.43,58.05403470341529,4
dataset\images\620.jpg,35.730000000000004,12.576511273599623,3
dataset\images\621.jpg,2.99,5.804842299066378,0
dataset\images\622.jpg,11.99,12.794112526207769,2
dataset\images\623.jpg,42.64,33.30142857980353,4
dataset\images\624.jpg,7.995,11.081802534884337,1
dataset\images\625.jpg,4.79,6.508203010291225,0
dataset\images\626.jpg,21.99,24.473345436898196,3
dataset\images\627.jpg,46.8,45.51956127819501,4
dataset\images\628.jpg,4.53,14.28616424912813,4
dataset\images\629.jpg,50.76,44.98822137017412,4
dataset\images\630.jpg,30.24,14.814664905319184,2
dataset\images\631.jpg,14.99,13.307784204277693,2
dataset\images\632.jpg,7.140000000000001,8.820532830651588,1
dataset\images\633.jpg,8.42,10.234009031511953,1
dataset\images\634.jpg,56.42,33.84496360584734,4
dataset\images\635.jpg,12.25,13.806443925483205,2
dataset\images\636.jpg,23.99,20.067628804069276,3
dataset\images\637.jpg,9.99,13.481201402168825,1
dataset\images\638.jpg,8.99,10.276474386641825,1
dataset\images\639.jpg,30.98,37.48373390551304,3
dataset\images\640.jpg,14.99,13.579602223561746,2
dataset\images\641.jpg,99.99,50.40334906043723,4
dataset\images\642.jpg,32.49,24.08770469403209,3
dataset\images\643.jpg,142.19,55.260092310820895,4
dataset\images\644.jpg,15.14,15.384554858748825,2
dataset\images\645.jpg,78.86,59.19678015401233,4
dataset\images\646.jpg,14.22,12.427711321971831,2
dataset\images\647.jpg,6.12,10.141795275853434,1
dataset\images\648.jpg,71.99,46.552611854864345,4
dataset\images\649.jpg,69.78,45.44533012316617,4
dataset\images\650.jpg,4.640000000000001,8.039626793635382,0
dataset\images\651.jpg,33.99,25.879469102184977,2
dataset\images\652.jpg,19.99,22.88198707193973,3
dataset\images\653.jpg,6.87,8.7349445327137,1
dataset\images\654.jpg,7.97,11.999965044006832,0
dataset\images\655.jpg,18.0,16.22646202328321,2
dataset\images\656.jpg,0.74,2.817122575279335,0
dataset\images\657.jpg,19.6,25.063773221284592,2
dataset\images\658.jpg,29.95,28.060307165259555,3
dataset\images\659.jpg,4.79,8.08447718092777,0
dataset\images\660.jpg,38.96,27.23218350432623,4
dataset\images\661.jpg,3.29,5.549480699957174,0
dataset\images\662.jpg,34.99,24.759099438494378,3
dataset\images\663.jpg,2.79,5.703166052077687,0
dataset\images\664.jpg,22.18,18.97947048123724,3
dataset\images\665.jpg,27.95,24.799692519475034,3
dataset\images\666.jpg,23.74,20.009615334702392,3
dataset\images\667.jpg,2.2350000000000003,4.0961292272193806,0
dataset\images\668.jpg,21.98,19.61496632911795,3
dataset\images\669.jpg,14.18,12.680381101152973,2
dataset\images\670.jpg,7.31,11.840374693921746,2
dataset\images\671.jpg,4.79,7.31329172655194,0
dataset\images\672.jpg,5.61,7.537921146115227,1
dataset\images\673.jpg,7.37,8.955657858355364,1
dataset\images\674.jpg,23.275,12.115701225445282,0
dataset\images\675.jpg,18.99,17.658455561482064,2
dataset\images\676.jpg,4.5,6.759613504267927,0
dataset\images\677.jpg,13.99,14.084922341112845,2
dataset\images\678.jpg,37.98,15.764211535277358,0
dataset\images\679.jpg,24.185,19.246008857992194,3
dataset\images\680.jpg,29.97,21.709447522446837,3
dataset\images\681.jpg,1.67,3.576482602715835,0
dataset\images\682.jpg,10.85,13.051988109543787,1
dataset\images\683.jpg,60.0,41.31202612289112,4
dataset\images\684.jpg,13.29,14.824147872735919,2
dataset\images\685.jpg,17.49,14.769497758435442,2
dataset\images\686.jpg,25.34,21.597488285930172,3
dataset\images\687.jpg,42.99,31.641762957067627,4
dataset\images\688.jpg,9.99,12.683146100492639,1
dataset\images\689.jpg,13.495,15.474524674490599,2
dataset\images\690.jpg,24.99,21.04833685185573,3
dataset\images\691.jpg,26.41,20.366809606321016,3
dataset\images\692.jpg,89.53,45.01054363789988,4
dataset\images\693.jpg,2.07,14.937888364135635,2
dataset\images\694.jpg,2.99,5.156263215956946,0
dataset\images\695.jpg,13.81,11.60906372203924,2
dataset\images\696.jpg,4.35,6.2300144558186705,0
dataset\images\697.jpg,4.48,7.147941513085755,0
dataset\images\698.jpg,3.135,5.270542774313335,0
dataset\images\699.jpg,2.88,4.4290180682451705,0
dataset\images\700.jpg,43.32,29.265933853708397,4
dataset\images\701.jpg,13.0,20.251092103466206,4
dataset\images\702.jpg,11.98,13.354848803094617,2
dataset\images\703.jpg,81.91,40.7300578277644,4
dataset\images\704.jpg,7.635,8.585282360459601,1
dataset\images\705.jpg,15.98,18.318289436872544,2
dataset\images\706.jpg,12.0,10.816154368866117,2
dataset\images\707.jpg,17.99,17.528467288312406,2
dataset\images\708.jpg,1.905,3.882716540851445,0
dataset\images\709.jpg,72.99,48.72780047325461,4
dataset\images\710.jpg,126.7,68.20203271575863,4
dataset\images\711.jpg,19.97,18.886904209245742,3
dataset\images\712.jpg,47.4,18.029898534569952,3
dataset\images\713.jpg,16.13,16.27435265647166,2
dataset\images\714.jpg,2.19,5.232793386377937,0
dataset\images\715.jpg,5.29,7.828877311944154,0
dataset\images\716.jpg,17.99,15.585722071208334,2
dataset\images\717.jpg,5.640000000000001,7.360568418398426,1
dataset\images\718.jpg,3.99,7.612378226200267,0
dataset\images\719.jpg,6.135,8.204785779701682,1
dataset\images\720.jpg,17.39,15.699494809759873,3
dataset\images\721.jpg,38.25,29.7139026413398,4
dataset\images\722.jpg,5.415,6.992446885106372,0
dataset\images\723.jpg,21.99,19.923996339621574,3
dataset\images\724.jpg,18.21,17.957513914563055,2
dataset\images\725.jpg,37.78,22.091491313296682,4
dataset\images\726.jpg,3.99,5.507092644269854,0
dataset\images\727.jpg,11.99,11.712067377959542,2
dataset\images\728.jpg,124.99,67.69759019873547,4
dataset\images\729.jpg,52.78,31.926757072377683,4
dataset\images\730.jpg,2.77,14.921120589702383,3
dataset\images\731.jpg,8.69,10.369092889908082,1
dataset\images\732.jpg,9.49,12.491085636498699,1
dataset\images\733.jpg,14.99,15.855976075725465,2
dataset\images\734.jpg,17.09,15.785958421689344,2
dataset\images\735.jpg,5.99,8.11669600843601,1
dataset\images\736.jpg,31.49,23.349686857681977,3
dataset\images\737.jpg,1.99,4.2749457809999045,0
dataset\images\738.jpg,129.99,61.192900832008476,4
dataset\images\739.jpg,58.6,35.62618751149651,4
dataset\images\740.jpg,14.99,15.585292955471903,2
dataset\images\741.jpg,1.99,3.636514825122001,0
dataset\images\742.jpg,22.19,20.932955231044335,3
dataset\images\743.jpg,33.895,11.974260584376172,0
dataset\images\744.jpg,37.865,12.550164823890775,0
dataset\images\745.jpg,20.55,15.40728504336549,3
dataset\images\746.jpg,2.99,12.680087094198553,2
dataset\images\747.jpg,77.99,42.90158681983115,4
dataset\images\748.jpg,38.105,31.437311420135202,4
dataset\images\749.jpg,50.4,33.40783628286044,4
dataset\images\750.jpg,6.39,8.007559914248924,1
dataset\images\751.jpg,3.98,5.391764734396586,0
dataset\images\752.jpg,5.05,8.096288069279888,0
dataset\images\753.jpg,16.99,15.633088146852046,2
dataset\images\754.jpg,2.73,4.747248073821882,0
dataset\images\755.jpg,37.39,11.340815949683229,0
dataset\images\756.jpg,22.0,20.338027036874244,3
dataset\images\757.jpg,9.34,14.687651286303973,1
dataset\images\758.jpg,4.69,5.7728737966474375,0
dataset\images\759.jpg,6.44,17.507212998718135,2
dataset\images\760.jpg,54.69,47.3118289384422,4
dataset\images\761.jpg,29.76,24.271011952052184,3
dataset\images\762.jpg,49.95,29.7235214669859,4
dataset\images\763.jpg,44.595,31.83802514697534,4
dataset\images\764.jpg,8.19,14.449454006228041,2
dataset\images\765.jpg,14.22,13.217981544565484,2
dataset\images\766.jpg,8.39,10.25781103804234,1
dataset\images\767.jpg,94.16,53.19146449286146,4
dataset\images\768.jpg,12.49,14.927913229321227,2
dataset\images\769.jpg,1.49,3.703162183711428,0
dataset\images\770.jpg,6.890000000000001,8.558351673455144,1
dataset\images\771.jpg,227.48,20.668225552521523,1
dataset\images\772.jpg,16.6,17.43495980736215,2
dataset\images\773.jpg,68.15,37.30753696457751,4
dataset\images\774.jpg,31.99,22.350793952777323,3
dataset\images\775.jpg,32.99,27.287283270882167,3
dataset\images\776.jpg,18.99,18.665744730690502,2
dataset\images\777.jpg,3.38,5.848076184316209,0
dataset\images\778.jpg,80.99,45.873256487003054,4
dataset\images\779.jpg,6.99,10.785300254304218,1
dataset\images\780.jpg,81.32,8.257149347800434,0
dataset\images\781.jpg,19.9,18.072743612787086,3
dataset\images\782.jpg,47.99,10.549733689623128,1
dataset\images\783.jpg,310.67,82.3584903112072,4
dataset\images\784.jpg,5.99,8.673475774201089,1
dataset\images\785.jpg,25.85,17.109425624365556,3
dataset\images\786.jpg,12.94,15.42834868699996,2
dataset\images\787.jpg,12.79,12.390771792683035,1
dataset\images\788.jpg,34.97,11.131964210243313,2
dataset\images\789.jpg,14.035,12.454485068474128,2
dataset\images\790.jpg,41.99,30.82654587135105,4
dataset\images\791.jpg,56.93,36.195846707934294,4
dataset\images\792.jpg,5.5,16.603989895619524,3
dataset\images\793.jpg,70.5,36.896460666414356,4
dataset\images\794.jpg,10.0,11.047617076851477,1
dataset\images\795.jpg,1.67,3.6081202984121576,0
dataset\images\796.jpg,39.97,26.228211015350173,4
dataset\images\797.jpg,12.535,13.56729323891257,2
dataset\images\798.jpg,14.835,13.606683936321971,2
dataset\images\799.jpg,19.46,17.044309541099,2
dataset\images\800.jpg,17.64,18.034529427217993,2
dataset\images\801.jpg,5.28,7.768874261042136,0
dataset\images\802.jpg,25.95,18.081849249127405,3
dataset\images\803.jpg,13.03,11.064803300409219,2
dataset\images\804.jpg,47.52,32.32628461842395,4
dataset\images\805.jpg,25.74,18.458078814351772,3
dataset\images\806.jpg,7.59,9.203514206081865,1
dataset\images\807.jpg,20.95,22.63704940165343,3
dataset\images\808.jpg,9.99,15.665869545185487,2
dataset\images\809.jpg,4.89,7.782605418948691,0
dataset\images\810.jpg,6.99,7.734797164620792,1
dataset\images\811.jpg,5.99,8.15875609428564,1
dataset\images\812.jpg,10.5,13.00169646794554,1
dataset\images\813.jpg,5.99,8.52202881430026,1
dataset\images\814.jpg,28.49,20.241925672657484,3
dataset\images\815.jpg,16.94,14.446491761852556,2
dataset\images\816.jpg,6.49,8.337072349828134,1
dataset\images\817.jpg,3.49,4.9684474632779985,0
dataset\images\818.jpg,48.945,29.72970964295591,4
dataset\images\819.jpg,6.74,8.565670064416917,1
dataset\images\820.jpg,123.49,56.52654945109154,4
dataset\images\821.jpg,7.99,10.923379472098246,1
dataset\images\822.jpg,3.39,5.509176167739688,0
dataset\images\823.jpg,6.99,8.228254248678248,1
dataset\images\824.jpg,9.135,10.15582944962349,1
dataset\images\825.jpg,7.99,10.493979307850081,1
dataset\images\826.jpg,10.515,11.956696081338206,1
dataset\images\827.jpg,4.79,6.53220223369625,0
dataset\images\828.jpg,107.49,55.27365055629446,4
dataset\images\829.jpg,12.29,14.344017651195887,0
dataset\images\830.jpg,20.99,17.087617759453703,3
dataset\images\831.jpg,86.43,65.48210702069632,4
dataset\images\832.jpg,2.98,8.9913526157926,0
dataset\images\833.jpg,44.99,33.0091891776485,4
dataset\images\834.jpg,31.99,14.424663415459507,3
dataset\images\835.jpg,19.98,18.785417817750318,3
dataset\images\836.jpg,38.92,40.84737906605587,4
dataset\images\837.jpg,11.98,11.807386308541782,2
dataset\images\838.jpg,21.16,17.34387267125894,3
dataset\images\839.jpg,69.95,39.94837551471808,4
dataset\images\840.jpg,9.84,10.938126345512199,1
dataset\images\841.jpg,5.87,7.723665737460399,1
dataset\images\842.jpg,2.98,4.843418961727441,0
dataset\images\843.jpg,1.92,4.500181676739022,0
dataset\images\844.jpg,17.99,15.982172696827913,2
dataset\images\845.jpg,9.99,11.777071702964118,1
dataset\images\846.jpg,4.885,6.1874660090641695,0
dataset\images\847.jpg,19.1,18.29847352417802,2
dataset\images\848.jpg,23.95,22.041775376342418,3
dataset\images\849.jpg,4.99,7.204274181720729,0
dataset\images\850.jpg,2.86,4.632896595768108,0
dataset\images\851.jpg,9.88,12.579539381693353,1
dataset\images\852.jpg,10.09,14.062869528151648,1
dataset\images\853.jpg,33.19,22.578787958423526,3
dataset\images\854.jpg,4.98,6.192726812921872,0
dataset\images\855.jpg,53.01,38.7544979557163,4
dataset\images\856.jpg,10.575,12.528129994704884,1
dataset\images\857.jpg,14.99,25.65120231629014,2
dataset\images\858.jpg,20.99,21.742090077638725,3
dataset\images\859.jpg,46.04,46.75694973992363,4
dataset\images\860.jpg,37.57,28.732862497475924,4
dataset\images\861.jpg,97.59,54.924199357232446,4
dataset\images\862.jpg,10.915,9.27135644289986,0
dataset\images\863.jpg,59.48,51.748370788237835,4
dataset\images\864.jpg,18.95,16.717214602291893,2
dataset\images\865.jpg,7.48,9.583801824463473,1
dataset\images\866.jpg,72.99,46.129208577165116,4
dataset\images\867.jpg,51.77,48.44595261249759,4
dataset\images\868.jpg,35.0,29.643815890040873,3
dataset\images\869.jpg,26.74,20.434718190481245,3
dataset\images\870.jpg,16.81,16.492729339895384,2
dataset\images\871.jpg,2.07,4.117958401475794,0
dataset\images\872.jpg,6.48,9.817727983370114,1
dataset\images\873.jpg,11.62,13.542604877949987,2
dataset\images\874.jpg,14.99,16.422432056930166,2
dataset\images\875.jpg,4.48,6.670558155918571,0
dataset\images\876.jpg,4.74,7.285561565807319,0
dataset\images\877.jpg,11.99,12.601207149394854,2
dataset\images\878.jpg,14.0,14.343145392731714,2
dataset\images\879.jpg,42.935,12.515146394373721,2
dataset\images\880.jpg,14.99,15.112797184933438,2
dataset\images\881.jpg,14.16,14.189938585428976,2
dataset\images\882.jpg,17.595,15.670781133864388,2
dataset\images\883.jpg,3.79,5.3219466742421435,0
dataset\images\884.jpg,18.0,17.21796871498341,2
dataset\images\885.jpg,13.74,12.98606296082035,2
dataset\images\886.jpg,14.955000000000002,15.322404625276715,2
dataset\images\887.jpg,2.64,10.184322395804577,0
dataset\images\888.jpg,3.19,9.379596849583798,0
dataset\images\889.jpg,5.575,11.141332821995375,0
dataset\images\890.jpg,3.99,7.144138354939914,0
dataset\images\891.jpg,21.99,20.290934984602394,3
dataset\images\892.jpg,18.5,17.33315379615738,2
dataset\images\893.jpg,51.49,22.67546032503999,4
dataset\images\894.jpg,12.5,13.453911637162904,2
dataset\images\895.jpg,15.0,17.90998857378931,2
dataset\images\896.jpg,16.99,17.258617222836634,2
dataset\images\897.jpg,20.39,16.505200388282184,3
dataset\images\898.jpg,6.39,7.812869182698972,1
dataset\images\899.jpg,30.39,26.689139567150054,3
dataset\images\900.jpg,2.03,3.2432213090280992,0
dataset\images\901.jpg,11.45,10.573364812639223,2
dataset\images\902.jpg,14.495,15.81276302995008,2
dataset\images\903.jpg,16.77,24.121769853916888,2
dataset\images\904.jpg,11.64,11.970793027432494,2
dataset\images\905.jpg,3.49,12.552092264635654,2
dataset\images\906.jpg,99.95,23.81991034720811,4
dataset\images\907.jpg,58.99,16.39338690825027,2
dataset\images\908.jpg,2.59,5.304047719980442,0
dataset\images\909.jpg,81.49,19.763867478150754,3
dataset\images\910.jpg,2.98,6.3667849785273996,0
dataset\images\911.jpg,29.99,22.28233527454479,3
dataset\images\912.jpg,26.99,19.598903376221838,3
dataset\images\913.jpg,3.17,5.1131027980486,0
dataset\images\914.jpg,12.01,10.637828024940424,2
dataset\images\915.jpg,7.99,11.507864916147234,1
dataset\images\916.jpg,12.88,12.528546048439978,0
dataset\images\917.jpg,24.22,20.522848221270372,3
dataset\images\918.jpg,36.99,28.367753557552593,4
dataset\images\919.jpg,119.43,57.474126208271564,4
dataset\images\920.jpg,8.43,10.47507684952255,1
dataset\images\921.jpg,10.95,11.576743582448435,1
dataset\images\922.jpg,4.005,6.669828617285645,0
dataset\images\923.jpg,99.99,49.624622074764595,4
dataset\images\924.jpg,14.23,16.209022426070213,2
dataset\images\925.jpg,30.99,21.82178118913896,3
dataset\images\926.jpg,15.74,14.680781107991658,2
dataset\images\927.jpg,3.99,7.321077225263828,0
dataset\images\928.jpg,2.445,5.085010527777505,0
dataset\images\929.jpg,3.98,6.781249722363671,0
dataset\images\930.jpg,10.25,12.371315325295672,2
dataset\images\931.jpg,6.47,9.543411700598332,1
dataset\images\932.jpg,3.13,5.230711876980042,0
dataset\images\933.jpg,19.49,28.268503596624875,2
dataset\images\934.jpg,17.84,19.009316934530496,2
dataset\images\935.jpg,24.99,23.542256309386072,3
dataset\images\936.jpg,13.49,13.981852391206955,2
dataset\images\937.jpg,13.0,12.731155849741798,0
dataset\images\938.jpg,31.99,22.59658625770711,3
dataset\images\939.jpg,25.29,18.565151590784488,3
dataset\images\940.jpg,29.47,25.918837939118365,3
dataset\images\941.jpg,10.04,10.395043650760211,1
dataset\images\942.jpg,17.52,20.95107820353928,2
dataset\images\943.jpg,4.39,7.169131763311723,0
dataset\images\944.jpg,20.375,22.010203703051648,2
dataset\images\945.jpg,19.44,18.72322156056329,2
dataset\images\946.jpg,129.98,60.90452791235402,4
dataset\images\947.jpg,22.79,17.714590854500184,3
dataset\images\948.jpg,6.48,7.352505671081271,1
dataset\images\949.jpg,12.49,24.99574091288848,3
dataset\images\950.jpg,13.09,13.103138943941024,2
dataset\images\951.jpg,3.5,6.61206874445783,0
dataset\images\952.jpg,41.78,29.244989633716852,4
dataset\images\953.jpg,2.655,5.116195322654043,0
dataset\images\954.jpg,28.45,23.603258797452956,3
dataset\images\955.jpg,42.39,31.19945504696709,4
dataset\images\956.jpg,65.405,40.045740966099906,4
dataset\images\957.jpg,22.93,20.73875757509008,3
dataset\images\958.jpg,7.98,9.196013045045026,1
dataset\images\959.jpg,8.040000000000001,8.496995863330037,1
dataset\images\960.jpg,4.29,8.20035571236196,0
dataset\images\961.jpg,19.99,19.791470292878742,3
dataset\images\962.jpg,14.8,14.722889424798163,2
dataset\images\963.jpg,5.885,9.22882860899245,1
dataset\images\964.jpg,4.855,15.604207784050775,1
dataset\images\965.jpg,3.49,8.775490023601975,0
dataset\images\966.jpg,7.99,9.329354910810899,1
dataset\images\967.jpg,4.04,5.384664514251215,0
dataset\images\968.jpg,25.98,22.63775608836131,3
dataset\images\969.jpg,4.62,8.233383617640078,0
dataset\images\970.jpg,42.795,30.306059946971686,4
dataset\images\971.jpg,9.99,10.839153222305052,1
dataset\images\972.jpg,86.02,66.22532055029446,4
dataset\images\973.jpg,34.81,43.316846591626366,4
dataset\images\974.jpg,28.99,17.46265183763307,4
dataset\images\975.jpg,2.13,4.482360235244101,0
dataset\images\976.jpg,78.47,45.722073104401275,4
dataset\images\977.jpg,21.98,16.922614594315913,3
dataset\images\978.jpg,4.93,16.061103789501328,3
dataset\images\979.jpg,10.99,12.941728691085482,2
dataset\images\980.jpg,76.75,42.375974985809215,4
dataset\images\981.jpg,2.905,6.737808424183475,0
dataset\images\982.jpg,26.0,18.25281012479951,3
dataset\images\983.jpg,6.605,8.261197769799452,1
dataset\images\984.jpg,10.02,11.341835325314928,1
dataset\images\985.jpg,12.99,12.322280275840816,2
dataset\images\986.jpg,27.5,24.19934135092477,3
dataset\images\987.jpg,9.795,15.637511881959494,2
dataset\images\988.jpg,337.67,124.08532662923808,4
dataset\images\989.jpg,65.96,40.909877556007935,4
dataset\images\990.jpg,14.74,9.74930092439634,0
dataset\images\991.jpg,2.84,4.620936364078711,0
dataset\images\992.jpg,7.074999999999999,9.710793832197254,1
dataset\images\993.jpg,4.69,16.593755311432226,2
dataset\images\994.jpg,7.94,10.612025752312904,1
dataset\images\995.jpg,12.99,13.702740872588585,2
dataset\images\996.jpg,16.99,17.019765179653685,2
dataset\images\997.jpg,35.0,27.179580963257862,3
dataset\images\998.jpg,1.39,3.7468749388565863,0
dataset\images\999.jpg,3.24,6.5763190525910895,0
dataset\images\1000.jpg,3.92,6.309964146426059,0
dataset\images\1001.jpg,10.465,9.93821941594018,1
dataset\images\1002.jpg,3.42,5.101339884787561,0
dataset\images\1003.jpg,39.99,33.20372062749373,4
dataset\images\1004.jpg,85.42,14.104538274053626,0
dataset\images\1005.jpg,7.71,9.337846643464157,1
dataset\images\1006.jpg,1.48,3.9515858479582873,0
dataset\images\1007.jpg,19.98,17.59001213665201,3
dataset\images\1008.jpg,35.99,25.613912028604023,4
dataset\images\1009.jpg,33.3,18.988110292070502,3
dataset\images\1010.jpg,4.445,7.769874948984427,0
dataset\images\1011.jpg,22.99,16.93529681420231,3
dataset\images\1012.jpg,62.87,38.3797060680994,4
dataset\images\1013.jpg,17.99,18.122415471137202,2
dataset\images\1014.jpg,39.99,33.28802497461269,4
dataset\images\1015.jpg,19.49,22.632079302404946,2
dataset\images\1016.jpg,26.09,31.18341603285846,3
dataset\images\1017.jpg,88.49,43.44870397667095,4
dataset\images\1018.jpg,24.99,19.474130573785168,3
dataset\images\1019.jpg,19.99,17.384248294185596,3
dataset\images\1020.jpg,2.79,5.887407243271379,0
dataset\images\1021.jpg,49.03,49.1841032003753,4
dataset\images\1022.jpg,50.13,47.409906592773844,4
dataset\images\1023.jpg,19.03,19.129146206648347,2
dataset\images\1024.jpg,56.37,52.46247518067043,4
dataset\images\1025.jpg,4.625,6.63647168219714,0
dataset\images\1026.jpg,13.62,14.28563316686365,2
dataset\images\1027.jpg,3.99,8.769715139729964,0
dataset\images\1028.jpg,4.265000000000001,6.368191821258786,0
dataset\images\1029.jpg,37.99,27.98431135822053,4
dataset\images\1030.jpg,37.93,21.215982070910133,4
dataset\images\1031.jpg,26.98,22.632111514962478,3
dataset\images\1032.jpg,3.49,6.360267049899189,0
dataset\images\1033.jpg,4.49,16.358223493011756,1
dataset\images\1034.jpg,4.99,8.167861523977846,0
dataset\images\1035.jpg,20.735,15.528240635101078,3
dataset\images\1036.jpg,19.99,16.727743965996872,2
dataset\images\1037.jpg,7.47,9.637982937973225,1
dataset\images\1038.jpg,21.99,20.515492688725598,3
dataset\images\1039.jpg,1.58,3.4962325357138724,0
dataset\images\1040.jpg,24.92,20.060788814827497,3
dataset\images\1041.jpg,25.86,13.213614682534487,0
dataset\images\1042.jpg,17.95,16.257336506731654,2
dataset\images\1043.jpg,39.775000000000006,29.187162374020225,4
dataset\images\1044.jpg,13.99,15.348987563721224,2
dataset\images\1045.jpg,17.97,26.041079735465313,2
dataset\images\1046.jpg,65.74,34.883360408455395,4
dataset\images\1047.jpg,64.31,55.00186452395323,4
dataset\images\1048.jpg,12.99,12.171385511685438,2
dataset\images\1049.jpg,11.25,12.608418503741193,2
dataset\images\1050.jpg,60.29,40.875911720007224,4
dataset\images\1051.jpg,6.99,9.368332299900187,1
dataset\images\1052.jpg,212.99,88.2818431430837,4
dataset\images\1053.jpg,6.49,15.481364943889034,1
dataset\images\1054.jpg,6.175,16.75164163563612,0
dataset\images\1055.jpg,49.99,33.9482548289712,4
dataset\images\1056.jpg,38.68,24.50104593844442,4
dataset\images\1057.jpg,5.74,8.115987469877988,1
dataset\images\1058.jpg,53.545,32.40992930234538,4
dataset\images\1059.jpg,21.95,19.93588670350425,3
dataset\images\1060.jpg,26.69,22.272142579183022,3
dataset\images\1061.jpg,55.56,29.222842348092705,4
dataset\images\1062.jpg,5.53,7.482506772613343,1
dataset\images\1063.jpg,15.384999999999998,16.00720600083093,4
dataset\images\1064.jpg,31.74,19.994479506210205,3
dataset\images\1065.jpg,5.19,6.2647325068575315,0
dataset\images\1066.jpg,19.99,18.940196252523332,3
dataset\images\1067.jpg,12.99,13.673069894529842,2
dataset\images\1068.jpg,1.67,3.9617511741633757,0
dataset\images\1069.jpg,2.575,5.361473457532675,0
dataset\images\1070.jpg,16.39,17.643128577665856,2
dataset\images\1071.jpg,28.48,29.817487314885273,3
dataset\images\1072.jpg,9.99,10.303372835259617,1
dataset\images\1073.jpg,27.0,26.65887460948206,3
dataset\images\1074.jpg,5.99,7.2816006694019695,1
dataset\images\1075.jpg,7.99,23.14736587138162,4
dataset\images\1076.jpg,35.73,27.989737032978855,4
dataset\images\1077.jpg,18.99,22.197176374548185,2
dataset\images\1078.jpg,11.64,13.985250616600752,0
dataset\images\1079.jpg,12.5,11.8805709399403,2
dataset\images\1080.jpg,11.26,17.774532039869715,2
dataset\images\1081.jpg,25.99,24.133456402575984,3
dataset\images\1082.jpg,20.55,19.593241761755422,3
dataset\images\1083.jpg,7.31,17.394402622512743,3
dataset\images\1084.jpg,5.79,11.623840847069133,1
dataset\images\1085.jpg,170.31,76.96913373146835,4
dataset\images\1086.jpg,75.99,46.393597461671284,4
dataset\images\1087.jpg,20.97,15.86920483235038,3
dataset\images\1088.jpg,5.640000000000001,8.561908256436178,1
dataset\images\1089.jpg,5.595,15.936514642810426,1
dataset\images\1090.jpg,13.58,13.530755962796675,2
dataset\images\1091.jpg,13.989999999999998,22.522745670677327,1
dataset\images\1092.jpg,20.35,17.912955021070687,3
dataset\images\1093.jpg,23.5,19.883033397704075,3
dataset\images\1094.jpg,1.98,4.398444119037609,0
dataset\images\1095.jpg,5.74,7.482847279033413,1
dataset\images\1096.jpg,29.99,22.914630513631362,3
dataset\images\1097.jpg,34.91,24.744979283174168,3
dataset\images\1098.jpg,230.0,91.06029057655873,4
dataset\images\1099.jpg,9.99,12.460760423539845,1
dataset\images\1100.jpg,53.335,13.165650660367321,1
dataset\images\1101.jpg,25.59,23.538102825644728,3
dataset\images\1102.jpg,6.19,9.22206539983318,1
dataset\images\1103.jpg,30.98,14.952115232478546,1
dataset\images\1104.jpg,8.42,10.245336921755772,1
dataset\images\1105.jpg,19.95,14.740067293487256,4
dataset\images\1106.jpg,2.39,4.002948783598773,0
dataset\images\1107.jpg,14.99,11.973692492933262,1
dataset\images\1108.jpg,36.12,28.530155219994477,4
dataset\images\1109.jpg,10.0,10.9872703647349,1
dataset\images\1110.jpg,3.99,6.144719555744114,0
dataset\images\1111.jpg,77.43,49.82766284250088,4
dataset\images\1112.jpg,39.94,31.413483976414845,4
dataset\images\1113.jpg,7.49,9.758774412144115,1
dataset\images\1114.jpg,8.09,9.129758626566561,1
dataset\images\1115.jpg,97.57,46.8220076632827,4
dataset\images\1116.jpg,64.99,14.530643518746542,0
dataset\images\1117.jpg,92.34,56.31200456984902,4
dataset\images\1118.jpg,3.655,19.560492349043482,4
dataset\images\1119.jpg,5.49,7.712678679648388,1
dataset\images\1120.jpg,4.68,22.014761249463348,3
dataset\images\1121.jpg,26.99,22.350567633274082,3
dataset\images\1122.jpg,90.49,53.13568234550446,4
dataset\images\1123.jpg,5.755,8.190791508119517,1
dataset\images\1124.jpg,43.49,30.335659045764658,4
dataset\images\1125.jpg,110.625,56.313492843254885,4
dataset\images\1126.jpg,14.99,17.674080266713595,2
dataset\images\1127.jpg,1.42,3.640272009164004,0
dataset\images\1128.jpg,25.99,22.01041023564711,3
dataset\images\1129.jpg,22.95,18.230055427169127,3
dataset\images\1130.jpg,9.99,11.58911747362551,1
dataset\images\1131.jpg,42.99,26.352092925774844,4
dataset\images\1132.jpg,59.99,36.08521677045369,4
dataset\images\1133.jpg,2.94,6.342947693176437,0
dataset\images\1134.jpg,72.93,48.07284273472335,4
dataset\images\1135.jpg,55.14,37.232276759222565,4
dataset\images\1136.jpg,7.41,10.481957363028881,1
dataset\images\1137.jpg,39.99,9.954138409782585,0
dataset\images\1138.jpg,13.58,13.117053239809195,2
dataset\images\1139.jpg,51.99,34.12538276055874,4
dataset\images\1140.jpg,33.49,23.867225293964605,3
dataset\images\1141.jpg,74.98,40.11850536223804,4
dataset\images\1142.jpg,6.99,8.130922956143218,1
dataset\images\1143.jpg,12.95,14.955241023364854,2
dataset\images\1144.jpg,25.98,19.37307521924306,3
dataset\images\1145.jpg,18.49,17.122618152135896,2
dataset\images\1146.jpg,3.97,6.94582624825515,0
dataset\images\1147.jpg,5.875,8.425600651063535,1
dataset\images\1148.jpg,10.36,11.497913838596213,1
dataset\images\1149.jpg,1.995,4.203000697257482,0
dataset\images\1150.jpg,22.99,16.568354011760082,3
dataset\images\1151.jpg,14.665,15.331734052488105,2
dataset\images\1152.jpg,2.53,4.558002596738229,0
dataset\images\1153.jpg,7.81,9.806405903655754,1
dataset\images\1154.jpg,22.99,23.871380584390803,3
dataset\images\1155.jpg,13.93,16.677113614086917,2
dataset\images\1156.jpg,2.19,4.056206851856854,0
dataset\images\1157.jpg,10.99,13.64953721455607,2
dataset\images\1158.jpg,9.325,12.515906215279765,1
dataset\images\1159.jpg,3.99,5.982657494756476,0
dataset\images\1160.jpg,36.38,26.765950552972075,4
dataset\images\1161.jpg,17.98,15.6370996940202,2
dataset\images\1162.jpg,2.99,5.835520241944883,0
dataset\images\1163.jpg,24.7,19.28690627442676,3
dataset\images\1164.jpg,76.44,41.10502364057578,4
dataset\images\1165.jpg,78.66,44.01027034280606,4
dataset\images\1166.jpg,22.0,21.473725663663345,3
dataset\images\1167.jpg,11.99,14.080529593906489,2
dataset\images\1168.jpg,5.09,8.504261850890188,0
dataset\images\1169.jpg,29.99,24.076756945888402,3
dataset\images\1170.jpg,19.18,18.07296779540769,2
dataset\images\1171.jpg,24.02,18.638977683603464,3
dataset\images\1172.jpg,12.96,13.16674911809084,2
dataset\images\1173.jpg,16.795,12.880000426073341,2
dataset\images\1174.jpg,29.99,21.92042389681384,3
dataset\images\1175.jpg,8.99,10.72550623912607,1
dataset\images\1176.jpg,11.44,11.580225841996466,2
dataset\images\1177.jpg,24.99,19.707204758491233,3
dataset\images\1178.jpg,42.99,17.935069254896572,3
dataset\images\1179.jpg,5.984999999999999,12.172026492693604,1
dataset\images\1180.jpg,31.99,22.75515479866962,3
dataset\images\1181.jpg,6.79,10.166604629674232,1
dataset\images\1182.jpg,2.74,12.828239217845317,0
dataset\images\1183.jpg,12.73,13.112661349589953,2
dataset\images\1184.jpg,57.99,34.228894858453344,4
dataset\images\1185.jpg,4.0,9.574002157653595,0
dataset\images\1186.jpg,10.81,10.691139041651104,1
dataset\images\1187.jpg,9.99,11.351930617431673,1
dataset\images\1188.jpg,21.92,20.921772936960597,3
dataset\images\1189.jpg,10.145,11.944205480122266,1
dataset\images\1190.jpg,4.49,18.268458009943366,1
dataset\images\1191.jpg,17.49,20.465014078034446,2
dataset\images\1192.jpg,26.99,25.38575540726058,3
dataset\images\1193.jpg,66.46000000000001,12.885316585280256,4
dataset\images\1194.jpg,6.75,8.491972590094427,1
dataset\images\1195.jpg,2.24,4.5138922780666295,0
dataset\images\1196.jpg,2.365,12.74873058256022,2
dataset\images\1197.jpg,123.13,57.758586883253386,4
dataset\images\1198.jpg,40.99,23.601507609297524,4
dataset\images\1199.jpg,108.84,65.99928961111041,4
dataset\images\1200.jpg,25.95,23.595822521804934,3
dataset\images\1201.jpg,4.29,5.305791414366179,0
dataset\images\1202.jpg,5.32,6.193813533621103,0
dataset\images\1203.jpg,7.41,9.464584060860005,1
dataset\images\1204.jpg,7.295,9.808212132355743,1
dataset\images\1205.jpg,37.545,27.265509942637504,4
dataset\images\1206.jpg,4.99,7.108591027671903,0
dataset\images\1207.jpg,1.095,2.8734546459958734,0
dataset\images\1208.jpg,5.77,6.470375943393904,1
dataset\images\1209.jpg,9.37,9.749852746373195,1
dataset\images\1210.jpg,25.58,24.453393016965105,3
dataset\images\1211.jpg,8.27,9.606548127120046,1
dataset\images\1212.jpg,9.77,14.002999201758486,1
dataset\images\1213.jpg,5.720000000000001,8.555715934560206,1
dataset\images\1214.jpg,30.395,23.83589730258615,3
dataset\images\1215.jpg,3.75,5.908315655123476,0
dataset\images\1216.jpg,0.52,1.9060082102444844,0
dataset\images\1217.jpg,11.19,11.153135263590652,2
dataset\images\1218.jpg,27.99,24.766744535255853,3
dataset\images\1219.jpg,9.89,11.047015054671487,1
dataset\images\1220.jpg,44.99,32.837953754476914,4
dataset\images\1221.jpg,18.985,16.295959168257326,2
dataset\images\1222.jpg,15.36,15.6397293745988,2
dataset\images\1223.jpg,52.59,10.949854132263068,1
dataset\images\1224.jpg,41.0,26.073728839038104,4
dataset\images\1225.jpg,30.97,12.118966909831608,2
dataset\images\1226.jpg,10.25,11.63496582594434,1
dataset\images\1227.jpg,61.59,33.10852806055776,4
dataset\images\1228.jpg,5.82,6.8481607746832225,1
dataset\images\1229.jpg,3.98,14.304142017237398,0
dataset\images\1230.jpg,8.370000000000001,10.771336002315882,1
dataset\images\1231.jpg,3.17,6.099615072970561,0
dataset\images\1232.jpg,31.15,25.551496922055026,3
dataset\images\1233.jpg,5.39,14.268968951416202,1
dataset\images\1234.jpg,8.49,10.65204599372268,1
dataset\images\1235.jpg,8.7,12.582557454214776,1
dataset\images\1236.jpg,4.29,6.176602448323768,0
dataset\images\1237.jpg,94.76,43.92569050508541,4
dataset\images\1238.jpg,12.84,13.253984117779302,2
dataset\images\1239.jpg,41.78,29.045674708142563,4
dataset\images\1240.jpg,3.14,4.2529517497599425,0
dataset\images\1241.jpg,59.94,38.93453136437819,4
dataset\images\1242.jpg,5.99,11.940779645022303,1
dataset\images\1243.jpg,42.19,30.87328549487969,4
dataset\images\1244.jpg,47.0,11.527468274524496,1
dataset\images\1245.jpg,10.0,13.956443450241792,1
dataset\images\1246.jpg,8.99,10.118167369429312,1
dataset\images\1247.jpg,1.48,4.485028939275324,0
dataset\images\1248.jpg,21.2,19.680768119708546,3
dataset\images\1249.jpg,29.97,23.62070980832971,3
dataset\images\1250.jpg,20.66,20.42797190316025,3
dataset\images\1251.jpg,29.95,22.736411831016486,3
dataset\images\1252.jpg,1.72,5.509085312566085,0
dataset\images\1253.jpg,12.12,13.381480630540349,2
dataset\images\1254.jpg,8.24,8.101567367492208,1
dataset\images\1255.jpg,66.98,36.53553432227162,4
dataset\images\1256.jpg,7.99,10.14175501865017,1
dataset\images\1257.jpg,7.12,9.516579055880309,1
dataset\images\1258.jpg,12.99,13.853516628389087,2
dataset\images\1259.jpg,1.28,11.543307317822508,1
dataset\images\1260.jpg,11.37,14.610787908946106,2
dataset\images\1261.jpg,35.91,28.15920819502586,4
dataset\images\1262.jpg,6.99,10.283197757746375,1
dataset\images\1263.jpg,21.61,18.897849748895815,3
dataset\images\1264.jpg,11.77,12.705699461091593,2
dataset\images\1265.jpg,7.475,16.250123636947873,2
dataset\images\1266.jpg,13.165,13.892965259402587,2
dataset\images\1267.jpg,23.79,20.814066783413637,3
dataset\images\1268.jpg,12.74,14.569600671914975,2
dataset\images\1269.jpg,1.845,3.504352232370664,0
dataset\images\1270.jpg,66.99,45.882466143215304,4
dataset\images\1271.jpg,14.0,13.9586103946795,2
dataset\images\1272.jpg,2.285,4.130671137239455,0
dataset\images\1273.jpg,59.99,11.13214415648452,0
dataset\images\1274.jpg,5.46,10.940621392791968,0
dataset\images\1275.jpg,54.8,33.04576727476734,4
dataset\images\1276.jpg,16.5,15.551645871191074,2
dataset\images\1277.jpg,15.21,14.865806784655486,2
dataset\images\1278.jpg,10.495,17.735292572210998,4
dataset\images\1279.jpg,8.88,11.141882933726684,1
dataset\images\1280.jpg,4.95,7.7147025238999305,0
dataset\images\1281.jpg,19.37,16.541745657908002,2
dataset\images\1282.jpg,9.95,11.39285447214612,1
dataset\images\1283.jpg,9.99,12.587310918803306,1
dataset\images\1284.jpg,35.0,17.51887099620077,4
dataset\images\1285.jpg,24.29,20.786371265596905,3
dataset\images\1286.jpg,13.325,12.915320640036663,2
dataset\images\1287.jpg,4.09,8.466194114377966,0
dataset\images\1288.jpg,15.99,17.654526744585752,2
dataset\images\1289.jpg,3.845,12.304255073523885,0
dataset\images\1290.jpg,9.48,10.965008902099596,1
dataset\images\1291.jpg,32.98,21.95545050881844,3
dataset\images\1292.jpg,17.94,16.652658108054855,3
dataset\images\1293.jpg,5.94,8.293863396869538,1
dataset\images\1294.jpg,17.15,19.46461824798273,2
dataset\images\1295.jpg,14.95,14.613413183702788,2
dataset\images\1296.jpg,13.05,14.160379517814679,2
dataset\images\1297.jpg,14.96,14.135012907593197,2
dataset\images\1298.jpg,7.99,8.712955015237403,1
dataset\images\1299.jpg,15.98,13.586603425956394,2
dataset\images\1300.jpg,1.37,3.6939492540006187,0
dataset\images\1301.jpg,59.99,25.26536738234113,3
dataset\images\1302.jpg,2.74,6.551869446058897,0
dataset\images\1303.jpg,8.99,11.012972195087674,1
dataset\images\1304.jpg,19.815,18.3497767039319,3
dataset\images\1305.jpg,16.99,14.060212076569913,2
dataset\images\1306.jpg,11.97,11.945410460388047,2
dataset\images\1307.jpg,10.4,12.459808069034612,1
dataset\images\1308.jpg,57.99,38.266254738890716,4
dataset\images\1309.jpg,25.39,22.830995942939957,3
dataset\images\1310.jpg,84.28,12.53604503997215,0
dataset\images\1311.jpg,38.54,42.33817059373006,4
dataset\images\1312.jpg,19.9,20.165120510425904,3
dataset\images\1313.jpg,13.48,22.096982445547688,4
dataset\images\1314.jpg,10.15,11.38807415766097,1
dataset\images\1315.jpg,8.99,9.6077599684838,1
dataset\images\1316.jpg,169.99,75.10575439918605,4
dataset\images\1317.jpg,9.99,11.807721871509086,1
dataset\images\1318.jpg,4.29,6.086959591389014,0
dataset\images\1319.jpg,58.96,11.47049224569524,0
dataset\images\1320.jpg,23.99,16.881968333244398,3
dataset\images\1321.jpg,6.025,8.219611192336945,1
dataset\images\1322.jpg,8.19,10.220952360390482,1
dataset\images\1323.jpg,86.02,44.493173785293564,4
dataset\images\1324.jpg,11.48,21.657550771484054,4
dataset\images\1325.jpg,4.525,6.921375174495288,0
dataset\images\1326.jpg,22.99,18.745819774535857,3
dataset\images\1327.jpg,1.26,3.667757217811321,0
dataset\images\1328.jpg,55.0,33.83949669066767,4
dataset\images\1329.jpg,25.02,22.305616505472084,3
dataset\images\1330.jpg,37.98,28.319701700588602,4
dataset\images\1331.jpg,6.930000000000001,7.7208747131474045,1
dataset\images\1332.jpg,12.53,15.188334399916851,2
dataset\images\1333.jpg,4.95,25.97681783936135,4
dataset\images\1334.jpg,34.96,20.58520465799199,3
dataset\images\1335.jpg,8.47,10.486885485739935,0
dataset\images\1336.jpg,12.88,14.167675475238788,2
dataset\images\1337.jpg,80.86,60.90841777527696,4
dataset\images\1338.jpg,10.99,11.066031076094829,2
dataset\images\1339.jpg,33.99,24.46975477493203,3
dataset\images\1340.jpg,14.23,11.814314347498291,2
dataset\images\1341.jpg,37.29,26.089514013052028,4
dataset\images\1342.jpg,21.85,18.844870284534476,3
dataset\images\1343.jpg,29.49,25.422598749771083,3
dataset\images\1344.jpg,10.85,13.023390819585625,1
dataset\images\1345.jpg,24.99,15.124256007639826,2
dataset\images\1346.jpg,9.9,11.288823918982175,1
dataset\images\1347.jpg,11.69,12.859252698419452,2
dataset\images\1348.jpg,30.0,30.827807783960978,3
dataset\images\1349.jpg,44.99,31.207942583443085,4
dataset\images\1350.jpg,11.99,9.387871166630166,0
dataset\images\1351.jpg,8.45,9.831813913998266,1
dataset\images\1352.jpg,19.99,16.294054372486595,3
dataset\images\1353.jpg,17.86,16.710576324264892,2
dataset\images\1354.jpg,21.96,14.72226600063754,3
dataset\images\1355.jpg,14.99,12.77574010002945,2
dataset\images\1356.jpg,5.545,8.148934758203039,1
dataset\images\1357.jpg,3.47,5.91541532602026,0
dataset\images\1358.jpg,10.11,9.031616734476708,1
dataset\images\1359.jpg,22.19,17.031490833356937,3
dataset\images\1360.jpg,5.99,6.535478015615641,1
dataset\images\1361.jpg,86.02,67.5434348670929,4
dataset\images\1362.jpg,9.49,13.017161161885893,1
dataset\images\1363.jpg,22.0,18.98428628943142,3
dataset\images\1364.jpg,2.29,15.331842089264082,0
dataset\images\1365.jpg,29.95,21.90201566434464,3
dataset\images\1366.jpg,19.99,18.099777965755994,3
dataset\images\1367.jpg,109.99,52.64831313370516,4
dataset\images\1368.jpg,11.95,14.030215777409841,2
dataset\images\1369.jpg,29.98,23.033175181029375,3
dataset\images\1370.jpg,7.17,17.481395864064094,3
dataset\images\1371.jpg,1.975,3.772169054518943,0
dataset\images\1372.jpg,4.710000000000001,7.7250134680384726,0
dataset\images\1373.jpg,66.95,42.62358364943869,4
dataset\images\1374.jpg,13.98,13.596744992407803,2
dataset\images\1375.jpg,1.49,3.812625817661961,0
dataset\images\1376.jpg,64.31,49.9143130670781,4
dataset\images\1377.jpg,10.59,11.743209064254032,1
dataset\images\1378.jpg,16.24,23.282842812169907,3
dataset\images\1379.jpg,5.69,7.6068766645374915,1
dataset\images\1380.jpg,2.49,4.024237956111011,0
dataset\images\1381.jpg,23.24,20.957903211546796,2
dataset\images\1382.jpg,2.48,4.122089646653373,0
dataset\images\1383.jpg,5.65,9.960096239667688,1
dataset\images\1384.jpg,3.135,14.314591485774212,1
dataset\images\1385.jpg,49.99,36.35261985566268,4
dataset\images\1386.jpg,23.92,19.695271378061943,3
dataset\images\1387.jpg,9.94,11.568999082340875,1
dataset\images\1388.jpg,4.79,7.114175322510912,0
dataset\images\1389.jpg,41.985,28.01121297736431,4
dataset\images\1390.jpg,1.83,4.036673101903665,0
dataset\images\1391.jpg,10.99,12.111766917935316,2
dataset\images\1392.jpg,3.46,8.088335026078857,0
dataset\images\1393.jpg,247.86,85.60332088339966,4
dataset\images\1394.jpg,3.39,11.715350682246598,1
dataset\images\1395.jpg,69.11,23.774190235712876,3
dataset\images\1396.jpg,4.29,6.5499875974306905,0
dataset\images\1397.jpg,13.99,12.344490120916612,2
dataset\images\1398.jpg,48.62,47.27548749456551,4
dataset\images\1399.jpg,33.84,30.30780208014745,3
dataset\images\1400.jpg,59.99,41.610049356994466,4
dataset\images\1401.jpg,3.89,6.911839190958813,0
dataset\images\1402.jpg,9.99,11.755635765117523,1
dataset\images\1403.jpg,6.56,8.354299325984483,1
dataset\images\1404.jpg,20.405,22.68545010496882,3
dataset\images\1405.jpg,28.99,22.292833468620053,3
dataset\images\1406.jpg,17.99,16.27026650953447,2
dataset\images\1407.jpg,19.97,18.62857329763726,3
dataset\images\1408.jpg,97.46,68.48329583208996,4
dataset\images\1409.jpg,9.895,9.388265586591181,1
dataset\images\1410.jpg,44.99,32.22846998186461,4
dataset\images\1411.jpg,10.49,11.788031879322658,1
dataset\images\1412.jpg,5.0,13.29967412794963,2
dataset\images\1413.jpg,4.99,6.469780357823215,0
dataset\images\1414.jpg,36.03,12.084261974689259,1
dataset\images\1415.jpg,9.99,12.880278526597134,1
dataset\images\1416.jpg,4.0,7.0675812690795485,0
dataset\images\1417.jpg,33.98,23.46891228769368,3
dataset\images\1418.jpg,7.49,7.652945458000955,1
dataset\images\1419.jpg,4.5,12.393879235784148,1
dataset\images\1420.jpg,2.19,6.225722397768391,0
dataset\images\1421.jpg,4.19,7.046941412546449,0
dataset\images\1422.jpg,62.99,38.96247182262585,4
dataset\images\1423.jpg,4.890000000000001,13.466561463803991,2
dataset\images\1424.jpg,19.985,16.849455686933094,3
dataset\images\1425.jpg,3.755,7.571855863948235,0
dataset\images\1426.jpg,10.99,12.905435609007107,2
dataset\images\1427.jpg,67.99,43.79390787384043,4
dataset\images\1428.jpg,28.99,22.931426187298605,3
dataset\images\1429.jpg,0.98,3.2577103975138826,0
dataset\images\1430.jpg,5.89,8.881686273777804,1
dataset\images\1431.jpg,14.48,13.806438543739523,2
dataset\images\1432.jpg,4.99,6.665060414042564,0
dataset\images\1433.jpg,61.07,30.830245528084205,4
dataset\images\1434.jpg,46.99,29.757740871227405,4
dataset\images\1435.jpg,86.49,57.564115026584886,4
dataset\images\1436.jpg,59.35,39.21927163186225,4
dataset\images\1437.jpg,23.7,20.75518619467472,3
dataset\images\1438.jpg,20.27,26.13355771747192,3
dataset\images\1439.jpg,9.99,11.538287800610172,1
dataset\images\1440.jpg,5.09,12.644482766277735,0
dataset\images\1441.jpg,16.465,18.063597163353,2
dataset\images\1442.jpg,11.99,11.22675264228598,2
dataset\images\1443.jpg,5.99,7.672792752549428,1
dataset\images\1444.jpg,34.82,24.31778373470542,3
dataset\images\1445.jpg,49.78,34.01005520943497,4
dataset\images\1446.jpg,3.99,6.89005706379969,0
dataset\images\1447.jpg,38.95,23.973946154488903,4
dataset\images\1448.jpg,10.995,12.275092419805677,2
dataset\images\1449.jpg,4.69,18.255586450073697,2
dataset\images\1450.jpg,13.99,15.017411316126108,1
dataset\images\1451.jpg,28.98,22.457972990472935,3
dataset\images\1452.jpg,4.24,5.87212326848163,0
dataset\images\1453.jpg,29.99,12.132109403045819,2
dataset\images\1454.jpg,1.49,4.0370037424704535,0
dataset\images\1455.jpg,3.34,6.578579173460139,0
dataset\images\1456.jpg,129.99,69.9050962531101,4
dataset\images\1457.jpg,14.75,13.79049486459231,2
dataset\images\1458.jpg,19.95,20.706148048278465,3
dataset\images\1459.jpg,22.485,15.53109216601425,3
dataset\images\1460.jpg,14.42,14.378960223937774,0
dataset\images\1461.jpg,13.8,13.469040057503705,2
dataset\images\1462.jpg,33.35,31.948777386830848,3
dataset\images\1463.jpg,18.28,17.673967325095404,2
dataset\images\1464.jpg,24.99,11.84958319160564,2
dataset\images\1465.jpg,42.99,13.365791929082988,2
dataset\images\1466.jpg,3.48,6.649249916976549,0
dataset\images\1467.jpg,25.99,24.369079296586552,3
dataset\images\1468.jpg,58.99,36.11697389930602,4
dataset\images\1469.jpg,53.74,35.34400513321031,4
dataset\images\1470.jpg,7.99,10.554255868270026,1
dataset\images\1471.jpg,1.25,3.423741642131575,0
dataset\images\1472.jpg,17.169999999999998,15.22178925840451,0
dataset\images\1473.jpg,21.92,12.18365162972426,0
dataset\images\1474.jpg,6.49,8.364855353330592,2
dataset\images\1475.jpg,74.98,45.85352974004636,4
dataset\images\1476.jpg,56.72,35.01724675518358,4
dataset\images\1477.jpg,2.38,5.301246665924256,0
dataset\images\1478.jpg,59.995,36.88107525053305,4
dataset\images\1479.jpg,21.99,21.538288181545152,3
dataset\images\1480.jpg,25.99,22.4759620350895,3
dataset\images\1481.jpg,4.79,7.115070284350276,0
dataset\images\1482.jpg,11.69,11.931250417885117,2
dataset\images\1483.jpg,62.94,40.87289644264121,4
dataset\images\1484.jpg,24.95,20.262590900477722,3
dataset\images\1485.jpg,32.23,22.989680919929363,3
dataset\images\1486.jpg,4.49,7.006575937915386,0
dataset\images\1487.jpg,2.99,9.285160846560096,0
dataset\images\1488.jpg,7.46,8.030755084638987,1
dataset\images\1489.jpg,38.575,26.354547317855925,4
dataset\images\1490.jpg,5.365,7.901684474100987,0
dataset\images\1491.jpg,49.99,12.252329448390983,0
dataset\images\1492.jpg,5.46,6.268289458078184,0
dataset\images\1493.jpg,50.58,50.981044804443044,4
dataset\images\1494.jpg,14.99,15.68491376821909,2
dataset\images\1495.jpg,4.95,7.322693603730178,0
dataset\images\1496.jpg,12.62,12.370725948007184,2
dataset\images\1497.jpg,9.745,21.211363308380275,2
dataset\images\1498.jpg,8.195,10.947402989875632,1
dataset\images\1499.jpg,6.59,8.45133934919958,1
dataset\images\1500.jpg,21.49,16.11052115610847,3
dataset\images\1501.jpg,9.92,9.871551719261296,1
dataset\images\1502.jpg,1.875,18.635528736568183,4
dataset\images\1503.jpg,33.0,27.44678760206379,3
dataset\images\1504.jpg,19.99,19.81195707132664,3
dataset\images\1505.jpg,4.68,7.278272065317902,0
dataset\images\1506.jpg,8.54,8.748369160563586,1
dataset\images\1507.jpg,5.29,8.727369132214788,0
dataset\images\1508.jpg,26.72,21.443436566373112,3
dataset\images\1509.jpg,6.14,7.616952513216026,1
dataset\images\1510.jpg,9.99,14.011816155188503,0
dataset\images\1511.jpg,16.98,16.950526361012532,2
dataset\images\1512.jpg,9.0,9.458432202894297,0
dataset\images\1513.jpg,2.96,4.790117262529824,0
dataset\images\1514.jpg,8.29,10.311422191754204,1
dataset\images\1515.jpg,10.0,10.194224019098307,1
dataset\images\1516.jpg,130.87,65.2893520717864,4
dataset\images\1517.jpg,6.77,8.921735662891614,1
dataset\images\1518.jpg,4.85,13.86168745187637,2
dataset\images\1519.jpg,1.57,3.194673476749414,0
dataset\images\1520.jpg,22.32,16.913679530557502,3
dataset\images\1521.jpg,15.99,15.400807169543146,2
dataset\images\1522.jpg,75.87,36.07602430357617,4
dataset\images\1523.jpg,8.93,10.177599020235157,1
dataset\images\1524.jpg,25.99,20.52597883103078,3
dataset\images\1525.jpg,22.74,18.898968927451733,3
dataset\images\1526.jpg,19.87,17.10123694218153,3
dataset\images\1527.jpg,12.39,13.17680681814786,2
dataset\images\1528.jpg,7.89,9.104597835396751,1
dataset\images\1529.jpg,11.98,11.060246013354043,2
dataset\images\1530.jpg,36.76,16.837787544916736,3
dataset\images\1531.jpg,2.49,5.823324350194554,0
dataset\images\1532.jpg,18.4,12.068772384392279,2
dataset\images\1533.jpg,1.22,3.448249356006073,0
dataset\images\1534.jpg,57.99,31.775681228087066,4
dataset\images\1535.jpg,77.49,39.42749150431633,4
dataset\images\1536.jpg,5.640000000000001,7.2615734856745995,1
dataset\images\1537.jpg,10.93,11.782014224200216,1
dataset\images\1538.jpg,30.95,26.26111741326218,3
dataset\images\1539.jpg,20.99,21.554502656022333,3
dataset\images\1540.jpg,199.0,93.48878939001257,4
dataset\images\1541.jpg,12.99,18.460763635664634,4
dataset\images\1542.jpg,2.49,3.925534730514718,0
dataset\images\1543.jpg,9.95,13.074636873627973,2
dataset\images\1544.jpg,5.29,11.501832050000706,1
dataset\images\1545.jpg,37.99,27.59136799870848,4
dataset\images\1546.jpg,19.99,13.12311421557928,2
dataset\images\1547.jpg,8.49,9.412418909059607,1
dataset\images\1548.jpg,59.61,33.592129526490965,4
dataset\images\1549.jpg,40.95,28.462544067218246,4
dataset\images\1550.jpg,3.785,10.98902499998727,0
dataset\images\1551.jpg,25.02,13.40541431831007,0
dataset\images\1552.jpg,84.52,45.79361937817071,4
dataset\images\1553.jpg,18.99,20.361663498888834,2
dataset\images\1554.jpg,6.49,8.017685602025088,1
dataset\images\1555.jpg,9.91,17.22476276227643,2
dataset\images\1556.jpg,7.65,11.234254716431124,0
dataset\images\1557.jpg,27.28,21.93509510046641,3
dataset\images\1558.jpg,11.83,11.967371696230758,2
dataset\images\1559.jpg,50.22,25.798974525713923,4
dataset\images\1560.jpg,13.99,17.6893104181992,2
dataset\images\1561.jpg,9.97,12.000696404573182,1
dataset\images\1562.jpg,5.99,9.849037542520575,1
dataset\images\1563.jpg,69.95,13.676356291047595,0
dataset\images\1564.jpg,4.47,6.036986811408292,0
dataset\images\1565.jpg,17.93,20.28924407524322,2
dataset\images\1566.jpg,6.98,12.173406025877402,2
dataset\images\1567.jpg,180.58,19.690377446047968,4
dataset\images\1568.jpg,15.080000000000002,13.258734362426184,0
dataset\images\1569.jpg,8.45,10.690214286400646,1
dataset\images\1570.jpg,11.45,13.122206736187298,2
dataset\images\1571.jpg,12.17,12.529713098311747,2
dataset\images\1572.jpg,26.525,19.849703394988406,3
dataset\images\1573.jpg,21.99,16.443936428049085,3
dataset\images\1574.jpg,28.95,22.1163723064449,3
dataset\images\1575.jpg,27.95,24.780688119491696,3
dataset\images\1576.jpg,1.335,3.167556572634445,0
dataset\images\1577.jpg,23.98,18.249726192374503,3
dataset\images\1578.jpg,162.96,67.10811224457379,4
dataset\images\1579.jpg,4.59,6.996933520096788,0
dataset\images\1580.jpg,14.47,13.357128373581853,2
dataset\images\1581.jpg,13.205,13.01369070386704,2
dataset\images\1582.jpg,7.29,8.156238193325118,1
dataset\images\1583.jpg,5.29,7.8992825436476615,0
dataset\images\1584.jpg,4.535,5.604590977987808,0
dataset\images\1585.jpg,0.415,1.8484249051584638,0
dataset\images\1586.jpg,30.93,24.888897882998737,3
dataset\images\1587.jpg,20.39,18.13507190787367,3
dataset\images\1588.jpg,1.48,3.2310344234501542,0
dataset\images\1589.jpg,11.98,10.70288880349314,2
dataset\images\1590.jpg,31.05,24.326192114144188,3
dataset\images\1591.jpg,7.99,8.076652950804286,1
dataset\images\1592.jpg,36.99,17.388172655663173,2
dataset\images\1593.jpg,6.96,11.180478133605671,0
dataset\images\1594.jpg,36.945,28.918818047863553,4
dataset\images\1595.jpg,7.16,9.375861975753018,1
dataset\images\1596.jpg,8.45,13.907573629358499,1
dataset\images\1597.jpg,1.64,4.275720104446037,0
dataset\images\1598.jpg,11.99,13.987465108355158,2
dataset\images\1599.jpg,3.99,5.06843960078883,0
dataset\images\1600.jpg,23.895,18.421523117670738,4
dataset\images\1601.jpg,19.98,17.453566238286278,3
dataset\images\1602.jpg,18.49,16.941747476643606,2
dataset\images\1603.jpg,129.99,64.02630893323602,4
dataset\images\1604.jpg,29.54,23.92863407465119,3
dataset\images\1605.jpg,31.97,14.705260014214351,2
dataset\images\1606.jpg,19.6,28.71100135992434,2
dataset\images\1607.jpg,6.2,7.499179123696633,1
dataset\images\1608.jpg,24.385,14.68694357789509,2
dataset\images\1609.jpg,18.23,9.553964141501869,0
dataset\images\1610.jpg,38.16,10.852620724592011,1
dataset\images\1611.jpg,24.96,22.116800898245597,3
dataset\images\1612.jpg,19.99,16.123856604028365,4
dataset\images\1613.jpg,24.99,19.743261956581932,3
dataset\images\1614.jpg,1.54,3.554499125952992,0
dataset\images\1615.jpg,15.99,15.757463847152643,4
dataset\images\1616.jpg,13.4,15.673521965066591,2
dataset\images\1617.jpg,14.495,15.663241744645752,2
dataset\images\1618.jpg,86.99,18.416848502051007,3
dataset\images\1619.jpg,37.63,38.82437583016794,4
dataset\images\1620.jpg,15.49,14.010167428628781,2
dataset\images\1621.jpg,16.035,12.704953977114624,2
dataset\images\1622.jpg,10.5,10.919854812851598,1
dataset\images\1623.jpg,4.99,19.761854598594155,3
dataset\images\1624.jpg,9.96,13.967727545534453,2
dataset\images\1625.jpg,26.14,31.299606688000488,3
dataset\images\1626.jpg,1.255,3.110307142401724,0
dataset\images\1627.jpg,34.95,31.239236354912215,3
dataset\images\1628.jpg,7.89,10.77559111463219,1
dataset\images\1629.jpg,5.155,6.949587346601839,0
dataset\images\1630.jpg,168.49,122.01389806988864,4
dataset\images\1631.jpg,30.32,25.54073421507636,3
dataset\images\1632.jpg,2.71,6.216326575223804,0
dataset\images\1633.jpg,46.99,36.57206189834678,4
dataset\images\1634.jpg,11.385,11.372543228972107,2
dataset\images\1635.jpg,18.74,20.858965870146,2
dataset\images\1636.jpg,10.49,10.181380706017634,1
dataset\images\1637.jpg,81.91,35.03888549062154,4
dataset\images\1638.jpg,16.580000000000002,14.377159653941753,2
dataset\images\1639.jpg,22.99,18.74710364811821,3
dataset\images\1640.jpg,2.0,12.467021414092201,3
dataset\images\1641.jpg,19.95,17.174457878286386,3
dataset\images\1642.jpg,24.88,20.253415059318808,3
dataset\images\1643.jpg,86.31,45.14940249039634,4
dataset\images\1644.jpg,49.99,33.198962377971974,4
dataset\images\1645.jpg,30.63,23.83967772889003,3
dataset\images\1646.jpg,49.99,16.01769301996724,2
dataset\images\1647.jpg,7.99,9.710286953681123,1
dataset\images\1648.jpg,38.92,41.00537343452637,4
dataset\images\1649.jpg,42.11,44.34724532510123,4
dataset\images\1650.jpg,5.79,7.241656522673409,1
dataset\images\1651.jpg,5.78,8.230377216009012,1
dataset\images\1652.jpg,48.99,26.24995865572212,3
dataset\images\1653.jpg,18.74,17.363853265213006,2
dataset\images\1654.jpg,15.489999999999998,14.33487929811448,2
dataset\images\1655.jpg,6.99,7.235461478570295,1
dataset\images\1656.jpg,2.16,4.22817146944604,0
dataset\images\1657.jpg,64.99,42.03839235083335,4
dataset\images\1658.jpg,5.21,10.884228857981718,0
dataset\images\1659.jpg,42.44,16.297667584718862,3
dataset\images\1660.jpg,41.85,28.110920764754077,4
dataset\images\1661.jpg,24.66,24.94725034734317,3
dataset\images\1662.jpg,15.9,17.175459713757956,2
dataset\images\1663.jpg,40.99,26.424039491644038,4
dataset\images\1664.jpg,17.47,11.09345241122198,1
dataset\images\1665.jpg,40.825,30.214506265724726,4
dataset\images\1666.jpg,2.15,18.172367533547693,4
dataset\images\1667.jpg,22.0,22.31385443940916,3
dataset\images\1668.jpg,5.345000000000001,6.237504159159408,0
dataset\images\1669.jpg,1.82,4.230738286876241,0
dataset\images\1670.jpg,15.84,14.173483592443873,2
dataset\images\1671.jpg,19.895,17.88477133372742,3
dataset\images\1672.jpg,120.0,55.94187743002992,4
dataset\images\1673.jpg,17.99,14.690568066917022,1
dataset\images\1674.jpg,16.95,18.07344832004015,4
dataset\images\1675.jpg,49.49,21.40517447257095,4
dataset\images\1676.jpg,2.49,4.792663028241327,0
dataset\images\1677.jpg,91.99,58.046764783672494,4
dataset\images\1678.jpg,93.825,58.05050168429748,4
dataset\images\1679.jpg,27.46,22.804278276142036,3
dataset\images\1680.jpg,30.34,23.171777692983166,3
dataset\images\1681.jpg,5.28,7.505927908347056,0
dataset\images\1682.jpg,4.48,6.774043649885972,0
dataset\images\1683.jpg,14.9,15.930000659489032,2
dataset\images\1684.jpg,27.14,20.48135127761111,3
dataset\images\1685.jpg,29.99,20.844575617814268,3
dataset\images\1686.jpg,39.99,13.891282606463818,0
dataset\images\1687.jpg,76.3,42.25710564993518,4
dataset\images\1688.jpg,56.01,49.28215537045104,4
dataset\images\1689.jpg,37.4,29.049310590092553,4
dataset\images\1690.jpg,29.49,29.328962025554166,3
dataset\images\1691.jpg,7.9,17.02478030436274,2
dataset\images\1692.jpg,45.0,31.693012300649677,4
dataset\images\1693.jpg,34.76,24.88329607057312,3
dataset\images\1694.jpg,4.135,7.3692626787531985,0
dataset\images\1695.jpg,4.98,9.42552318252116,0
dataset\images\1696.jpg,7.89,15.96739262430389,1
dataset\images\1697.jpg,4.79,14.194237942539752,3
dataset\images\1698.jpg,25.05,21.751295334556417,3
dataset\images\1699.jpg,66.48,22.669209530046647,4
dataset\images\1700.jpg,7.99,11.116206181712393,1
dataset\images\1701.jpg,51.88,44.7097500629823,4
dataset\images\1702.jpg,17.99,18.965567809118724,2
dataset\images\1703.jpg,10.99,11.700076508163185,2
dataset\images\1704.jpg,12.99,15.625204870042158,2
dataset\images\1705.jpg,52.89,31.547933400912818,4
dataset\images\1706.jpg,17.990000000000002,14.742224783285359,2
dataset\images\1707.jpg,2.28,4.0498250190169545,0
dataset\images\1708.jpg,3.39,5.363550342104301,0
dataset\images\1709.jpg,33.44,22.162040590695547,3
dataset\images\1710.jpg,3.12,12.800898643970628,2
dataset\images\1711.jpg,36.54,27.69754760476063,4
dataset\images\1712.jpg,11.99,12.37989177049865,2
dataset\images\1713.jpg,9.75,15.08731450178421,2
dataset\images\1714.jpg,6.2250000000000005,7.427568175201898,1
dataset\images\1715.jpg,3.47,5.886766437589615,0
dataset\images\1716.jpg,24.57,19.467937630809207,3
dataset\images\1717.jpg,8.26,9.621425930320482,1
dataset\images\1718.jpg,59.48,51.06860833120337,4
dataset\images\1719.jpg,44.33,11.719506980442802,1
dataset\images\1720.jpg,22.93,17.215200816074574,3
dataset\images\1721.jpg,5.49,6.755118457631516,1
dataset\images\1722.jpg,11.99,13.22325548084893,2
dataset\images\1723.jpg,16.99,18.038507025715827,2
dataset\images\1724.jpg,34.94,29.017416876731946,3
dataset\images\1725.jpg,67.35,40.42972826964895,4
dataset\images\1726.jpg,21.155,17.33770564972648,3
dataset\images\1727.jpg,79.93,43.20277585793863,4
dataset\images\1728.jpg,11.91,13.47431546516396,0
dataset\images\1729.jpg,8.51,10.869508794980586,2
dataset\images\1730.jpg,5.59,10.249437565807966,1
dataset\images\1731.jpg,10.78,15.443519676560047,1
dataset\images\1732.jpg,6.24,6.876856061190055,1
dataset\images\1733.jpg,4.49,7.574929876585125,0
dataset\images\1734.jpg,12.239999999999998,12.895152325579236,2
dataset\images\1735.jpg,1.19,3.402810361043805,0
dataset\images\1736.jpg,36.24,14.165234902190285,0
dataset\images\1737.jpg,5.99,12.920066683802403,1
dataset\images\1738.jpg,14.195,11.87743884571126,2
dataset\images\1739.jpg,10.19,9.718475584405448,0
dataset\images\1740.jpg,18.19,18.27869063440748,2
dataset\images\1741.jpg,42.99,17.338181533914483,2
dataset\images\1742.jpg,12.6,14.492399763915849,2
dataset\images\1743.jpg,18.335,16.753251284724037,2
dataset\images\1744.jpg,30.99,20.163531056905178,3
dataset\images\1745.jpg,13.99,11.017511258432865,2
dataset\images\1746.jpg,20.99,18.304192613060305,3
dataset\images\1747.jpg,11.49,16.26829998199464,2
dataset\images\1748.jpg,10.99,12.973606608779322,2
dataset\images\1749.jpg,68.5,44.2054439876402,4
dataset\images\1750.jpg,64.99,41.9236258196767,4
dataset\images\1751.jpg,45.105,22.55660186427963,4
dataset\images\1752.jpg,21.93,21.85349579500563,3
dataset\images\1753.jpg,5.79,8.209217854019817,1
dataset\images\1754.jpg,4.99,7.814149367161338,0
dataset\images\1755.jpg,39.99,35.11163190497641,4
dataset\images\1756.jpg,54.95,20.015691927809623,4
dataset\images\1757.jpg,34.99,26.23617487944606,3
dataset\images\1758.jpg,21.62,20.77304252678995,3
dataset\images\1759.jpg,72.07,50.33692877328098,4
dataset\images\1760.jpg,35.99,29.01404169783745,4
dataset\images\1761.jpg,5.99,8.864312285592074,1
dataset\images\1762.jpg,24.99,19.98877231547841,3
dataset\images\1763.jpg,55.4,36.996552431222106,4
dataset\images\1764.jpg,28.29,20.716472687617273,3
dataset\images\1765.jpg,52.61,48.511464613250816,4
dataset\images\1766.jpg,3.5,13.949055572666843,2
dataset\images\1767.jpg,1.54,9.323536975839067,0
dataset\images\1768.jpg,17.35,15.243258313985077,2
dataset\images\1769.jpg,6.49,7.9582247076371875,1
dataset\images\1770.jpg,10.39,11.28727376852054,1
dataset\images\1771.jpg,4.89,8.025650988008401,0
dataset\images\1772.jpg,18.99,18.81179717799662,2
dataset\images\1773.jpg,13.99,15.043126595248435,2
dataset\images\1774.jpg,0.13,1.4834476710068736,0
dataset\images\1775.jpg,7.99,8.448246493109686,1
dataset\images\1776.jpg,6.08,7.792549352558769,1
dataset\images\1777.jpg,24.99,24.2255173660425,3
dataset\images\1778.jpg,17.99,16.686011320570515,2
dataset\images\1779.jpg,10.99,11.507426475703227,2
dataset\images\1780.jpg,8.49,10.89967888482545,1
dataset\images\1781.jpg,51.95,37.710487429339324,4
dataset\images\1782.jpg,19.69,15.24696587512107,2
dataset\images\1783.jpg,5.16,7.172689057679886,0
dataset\images\1784.jpg,10.245,11.020316112104162,2
dataset\images\1785.jpg,7.95,10.599635159674671,1
dataset\images\1786.jpg,1.59,4.14249725957251,0
dataset\images\1787.jpg,19.865,18.701844297922534,3
dataset\images\1788.jpg,42.91,25.110559454845024,4
dataset\images\1789.jpg,9.99,28.346128629478898,3
dataset\images\1790.jpg,3.88,7.267228541907825,0
dataset\images\1791.jpg,11.405,12.69339590202096,2
dataset\images\1792.jpg,9.99,12.056409061801908,1
dataset\images\1793.jpg,11.3,12.675179425631224,2
dataset\images\1794.jpg,5.43,9.972407563814485,0
dataset\images\1795.jpg,5.98,8.6101525018193,1
dataset\images\1796.jpg,4.99,7.8458077875519265,0
dataset\images\1797.jpg,6.755,8.486090230696986,1
dataset\images\1798.jpg,1.99,12.003950354735032,2
dataset\images\1799.jpg,21.175,29.817487314885273,3
dataset\images\1800.jpg,64.0,61.67363571797227,4
dataset\images\1801.jpg,151.99,78.9049160118335,4
dataset\images\1802.jpg,19.005000000000003,17.81571791087856,2
dataset\images\1803.jpg,22.4,16.628894172888234,1
dataset\images\1804.jpg,94.76,81.36536942689315,4
dataset\images\1805.jpg,37.63,25.805033085270487,4
dataset\images\1806.jpg,9.98,10.758009762304182,1
dataset\images\1807.jpg,16.95,15.060120367443513,2
dataset\images\1808.jpg,2.99,5.1435866471211344,0
dataset\images\1809.jpg,47.89,51.36355833533451,4
dataset\images\1810.jpg,14.99,13.855482040496687,1
dataset\images\1811.jpg,10.605,10.332027877350303,1
dataset\images\1812.jpg,24.95,20.194913466288398,3
dataset\images\1813.jpg,13.99,16.03330557040058,1
dataset\images\1814.jpg,2.99,11.888614225634058,0
dataset\images\1815.jpg,13.9,16.098090358671907,2
dataset\images\1816.jpg,0.55,2.7373778472848938,0
dataset\images\1817.jpg,3.84,6.883416922203191,0
dataset\images\1818.jpg,13.98,9.92469918021969,0
dataset\images\1819.jpg,37.99,16.55097755053899,3
dataset\images\1820.jpg,55.23,32.29971048678447,4
dataset\images\1821.jpg,2.99,4.767131308658386,0
dataset\images\1822.jpg,26.89,20.81915087497084,3
dataset\images\1823.jpg,7.99,11.448139849947056,1
dataset\images\1824.jpg,11.975,12.70598979755631,2
dataset\images\1825.jpg,30.37,21.6860309010592,2
dataset\images\1826.jpg,14.69,17.19155599247195,2
dataset\images\1827.jpg,23.38,18.290559406230738,3
dataset\images\1828.jpg,3.59,6.0779342889091375,0
dataset\images\1829.jpg,18.57,17.296285912623613,2
dataset\images\1830.jpg,36.79,24.671406006721945,4
dataset\images\1831.jpg,3.12,12.9712741310282,2
dataset\images\1832.jpg,25.18,21.83168433966536,3
dataset\images\1833.jpg,22.895000000000003,16.56688111787063,4
dataset\images\1834.jpg,23.52,17.659534155617624,3
dataset\images\1835.jpg,2.97,4.5311508593251135,0
dataset\images\1836.jpg,9.49,11.853100062781474,1
dataset\images\1837.jpg,21.155,16.2196816899007,3
dataset\images\1838.jpg,14.98,12.984277807423377,1
dataset\images\1839.jpg,65.49,32.08357433358003,4
dataset\images\1840.jpg,16.77,22.30719814722388,2
dataset\images\1841.jpg,2.12,5.193992412998469,0
dataset\images\1842.jpg,5.605,8.234941635020713,1
dataset\images\1843.jpg,4.46,6.364392846974533,0
dataset\images\1844.jpg,5.12,7.361560697434102,0
dataset\images\1845.jpg,8.5,9.361591799998935,1
dataset\images\1846.jpg,35.0,22.744669306614952,3
dataset\images\1847.jpg,19.99,18.45599388232271,1
dataset\images\1848.jpg,3.78,7.185938188189883,0
dataset\images\1849.jpg,25.47,21.06435526674725,3
dataset\images\1850.jpg,4.97,7.44303510754991,0
dataset\images\1851.jpg,20.99,18.63942871355829,3
dataset\images\1852.jpg,7.99,15.797044208047353,2
dataset\images\1853.jpg,14.99,14.064026707568258,2
dataset\images\1854.jpg,3.86,6.088870501975005,0
dataset\images\1855.jpg,12.49,12.925751107730209,2
dataset\images\1856.jpg,8.92,9.676210921184465,1
dataset\images\1857.jpg,8.0,9.112506382469046,1
dataset\images\1858.jpg,50.87,38.82526612994476,4
dataset\images\1859.jpg,1.69,4.139983173684344,0
dataset\images\1860.jpg,24.99,17.1102394296744,3
dataset\images\1861.jpg,4.51,6.555932609487665,0
dataset\images\1862.jpg,8.245000000000001,10.090699655513756,1
dataset\images\1863.jpg,60.14,36.66719336394528,4
dataset\images\1864.jpg,33.1,25.16107246857911,3
dataset\images\1865.jpg,12.489999999999998,11.136650963954116,2
dataset\images\1866.jpg,67.66,41.31291135820481,4
dataset\images\1867.jpg,40.85,32.4787938878614,4
dataset\images\1868.jpg,12.49,12.122914809131055,2
dataset\images\1869.jpg,1.4,3.4121450323235782,0
dataset\images\1870.jpg,31.5,23.09903005059793,3
dataset\images\1871.jpg,70.32,39.507234248166114,4
dataset\images\1872.jpg,17.99,17.747613007984782,2
dataset\images\1873.jpg,19.64,12.092131202065746,2
dataset\images\1874.jpg,2.59,5.408450316610692,0
dataset\images\1875.jpg,131.76,56.855138079537824,4
dataset\images\1876.jpg,16.99,17.45611413793024,2
dataset\images\1877.jpg,5.135,6.57396992692747,0
dataset\images\1878.jpg,4.68,6.59603746815434,0
dataset\images\1879.jpg,6.055,8.70537885179738,1
dataset\images\1880.jpg,23.99,20.840088068901956,3
dataset\images\1881.jpg,13.645,15.239902976797612,2
dataset\images\1882.jpg,219.75,91.01694502165329,4
dataset\images\1883.jpg,19.99,17.43353823295408,3
dataset\images\1884.jpg,17.91,15.016390688975495,0
dataset\images\1885.jpg,4.390000000000001,5.517586382545658,0
dataset\images\1886.jpg,6.65,7.8403777465011935,1
dataset\images\1887.jpg,4.79,7.363623078294829,0
dataset\images\1888.jpg,19.99,17.08824175716903,3
dataset\images\1889.jpg,18.95,16.244835038757603,2
dataset\images\1890.jpg,17.99,15.464865329066313,2
dataset\images\1891.jpg,7.99,9.495792524142146,1
dataset\images\1892.jpg,25.01,21.935515098681165,3
dataset\images\1893.jpg,19.99,12.233911449128861,1
dataset\images\1894.jpg,5.49,7.144556231048465,1
dataset\images\1895.jpg,11.0,9.842247744279865,2
dataset\images\1896.jpg,18.67,16.90011330742237,2
dataset\images\1897.jpg,1.4,15.0554660947437,0
dataset\images\1898.jpg,3.215,5.740453791509434,0
dataset\images\1899.jpg,11.2,13.179916594730669,2
dataset\images\1900.jpg,24.99,19.53438269564702,3
dataset\images\1901.jpg,6.135,7.8907360271521885,1
dataset\images\1902.jpg,31.5,25.43607422875214,3
dataset\images\1903.jpg,6.49,11.228400716066433,2
dataset\images\1904.jpg,39.71,39.800280234058235,4
dataset\images\1905.jpg,6.225,10.623928958819233,1
dataset\images\1906.jpg,32.205,23.357554617251687,3
dataset\images\1907.jpg,6.845000000000001,8.530357640693719,1
dataset\images\1908.jpg,9.15,11.210380876069612,1
dataset\images\1909.jpg,3.2350000000000003,5.698111530567402,0
dataset\images\1910.jpg,8.43,8.965646568068818,1
dataset\images\1911.jpg,7.140000000000001,13.288025888712125,1
dataset\images\1912.jpg,24.99,21.310026397286624,4
dataset\images\1913.jpg,6.44,8.661199770814061,1
dataset\images\1914.jpg,19.61,16.24106161926422,2
dataset\images\1915.jpg,31.675,19.631014934763968,3
dataset\images\1916.jpg,23.95,21.73764928778403,4
dataset\images\1917.jpg,16.99,16.633882959669375,2
dataset\images\1918.jpg,4.640000000000001,6.379448271882934,0
dataset\images\1919.jpg,27.49,15.038909907728918,4
dataset\images\1920.jpg,10.8,10.63934913140632,1
dataset\images\1921.jpg,29.98,24.44059655219243,3
dataset\images\1922.jpg,22.78,13.449590868792775,2
dataset\images\1923.jpg,10.35,11.943451172077339,1
dataset\images\1924.jpg,9.99,19.011580837047305,4
dataset\images\1925.jpg,7.2,9.016253125517931,1
dataset\images\1926.jpg,6.39,7.184871392075644,1
dataset\images\1927.jpg,48.32,12.468091286169294,0
dataset\images\1928.jpg,18.9,15.453981082065393,2
dataset\images\1929.jpg,3.59,5.583156946228104,0
dataset\images\1930.jpg,43.69,16.88550175829777,3
dataset\images\1931.jpg,5.74,12.800927795309324,1
dataset\images\1932.jpg,7.8,13.528577445999739,3
dataset\images\1933.jpg,12.99,11.282236964620639,2
dataset\images\1934.jpg,17.78,16.767371020292387,2
dataset\images\1935.jpg,3.79,6.428112540012973,0
dataset\images\1936.jpg,7.65,9.111670593928043,1
dataset\images\1937.jpg,28.67,16.465621955220772,3
dataset\images\1938.jpg,4.84,12.2393989121792,1
dataset\images\1939.jpg,44.95,29.978629407235314,4
dataset\images\1940.jpg,9.99,10.66122404661315,1
dataset\images\1941.jpg,50.19,47.44913716651564,4
dataset\images\1942.jpg,16.49,17.84645528373032,2
dataset\images\1943.jpg,5.19,8.195692720671957,0
dataset\images\1944.jpg,21.45,19.00481030573223,3
dataset\images\1945.jpg,6.69,7.430580953709281,1
dataset\images\1946.jpg,22.78,17.69678964283052,3
dataset\images\1947.jpg,4.69,6.141988210093606,0
dataset\images\1948.jpg,2.2350000000000003,4.171824995511875,0
dataset\images\1949.jpg,2.575,5.182789058649457,0
dataset\images\1950.jpg,5.39,12.213964832234845,0
dataset\images\1951.jpg,13.95,14.22423628140017,2
dataset\images\1952.jpg,4.86,6.702018606451188,0
dataset\images\1953.jpg,7.285,9.274049449475529,1
dataset\images\1954.jpg,18.275,16.682650985191934,2
dataset\images\1955.jpg,7.49,12.144325022176469,1
dataset\images\1956.jpg,5.54,7.732883763560103,1
dataset\images\1957.jpg,16.08,17.34360114992859,2
dataset\images\1958.jpg,17.99,16.572323046764293,2
dataset\images\1959.jpg,46.49,12.569284700723854,1
dataset\images\1960.jpg,19.95,19.827559487858778,3
dataset\images\1961.jpg,37.47,25.30310457923008,4
dataset\images\1962.jpg,16.45,16.487464783421135,3
dataset\images\1963.jpg,4.12,6.243269333661224,0
dataset\images\1964.jpg,35.1,21.15684978347311,3
dataset\images\1965.jpg,12.99,22.12443549854292,0
dataset\images\1966.jpg,13.99,18.129840142102527,3
dataset\images\1967.jpg,9.99,12.05701558818244,1
dataset\images\1968.jpg,18.34,14.37174774865274,2
dataset\images\1969.jpg,6.45,12.209737837001613,1
dataset\images\1970.jpg,2.59,4.376212845507584,0
dataset\images\1971.jpg,3.94,6.167168859353702,0
dataset\images\1972.jpg,11.815,11.001349723358542,2
dataset\images\1973.jpg,86.62,46.715840931631995,4
dataset\images\1974.jpg,3.12,4.641319045898663,0
dataset\images\1975.jpg,31.99,25.17163195910129,3
dataset\images\1976.jpg,15.265,16.734312420445598,2
dataset\images\1977.jpg,13.85,14.912818305083768,2
dataset\images\1978.jpg,3.83,8.439610007531025,0
dataset\images\1979.jpg,54.27,53.430489233999275,4
dataset\images\1980.jpg,15.89,14.37070064777146,2
dataset\images\1981.jpg,24.13,13.086922045902758,2
dataset\images\1982.jpg,7.390000000000001,9.225196750690158,1
dataset\images\1983.jpg,33.33,25.160271581455063,3
dataset\images\1984.jpg,19.42,17.38554126895626,2
dataset\images\1985.jpg,13.98,12.631368547116544,2
dataset\images\1986.jpg,1.595,4.24817601611997,0
dataset\images\1987.jpg,34.0,15.333509207014071,2
dataset\images\1988.jpg,10.39,11.821176796181009,1
dataset\images\1989.jpg,3.69,6.735423500065141,0
dataset\images\1990.jpg,8.745000000000001,16.656253380272556,1
dataset\images\1991.jpg,46.89,44.56385468345043,4
dataset\images\1992.jpg,5.49,7.205820323947568,1
dataset\images\1993.jpg,5.87,6.828734507401838,1
dataset\images\1994.jpg,23.5,19.885843302308906,3
dataset\images\1995.jpg,22.99,21.58938678932887,3
dataset\images\1996.jpg,4.29,6.333192954051482,0
dataset\images\1997.jpg,9.9,9.917889729012021,1
dataset\images\1998.jpg,4.96,6.774475762947529,0
dataset\images\1999.jpg,12.99,13.850482180644763,2
